"RK",TIERS,"PLAYER NAME",TEAM,"POS","BYE","UPSIDE ","BUST ","SOS","ECR VS ADP","AVG. DIFF ","% OVER "
"1",1,"Josh Allen",BUF,"QB1","7","Coach Upside rating","Coach Bust rating","3 out of 5 stars","0","+0.7","50% (8/16)"
"2",1,"Lamar Jackson",BAL,"QB2","13","Coach Upside rating","Coach Bust rating","3 out of 5 stars","+7","-4.4","41% (5/12)"
"3",1,"Drake Maye",NE,"QB3","11","Coach Upside rating","Coach Bust rating","2 out of 5 stars","+2","+1.5","56% (9/16)"
"4",1,"Joe Burrow",CIN,"QB4","6","Coach Upside rating","Coach Bust rating","3 out of 5 stars","+7","-0.9","57% (4/7)"
"5",1,"Jayden Daniels",WAS,"QB5","7","Coach Upside rating","Coach Bust rating","2 out of 5 stars","+5","-","-"
"6",1,"Jalen Hurts",PHI,"QB6","10","Coach Upside rating","Coach Bust rating","5 out of 5 stars","+14","-2.1","37% (6/16)"
"7",2,"Jahmyr Gibbs",DET,"RB1","6","Coach Upside rating","Coach Bust rating","5 out of 5 stars","-5","+1.9","50% (8/16)"
"8",2,"Bijan Robinson",ATL,"RB2","11","Coach Upside rating","Coach Bust rating","2 out of 5 stars","-5","+2.1","56% (9/16)"
"9",2,"Ja'Marr Chase",CIN,"WR1","6","Coach Upside rating","Coach Bust rating","4 out of 5 stars","-5","-0.3","40% (6/15)"
"10",2,"Caleb Williams",CHI,"QB7","10","Coach Upside rating","Coach Bust rating","3 out of 5 stars","+5","+1.2","62% (10/16)"
"11",2,"Puka Nacua",LAR,"WR2","11","Coach Upside rating","Coach Bust rating","1 out of 5 stars","-5","+2.6","60% (9/15)"
"12",2,"Justin Herbert",LAC,"QB8","7","Coach Upside rating","Coach Bust rating","2 out of 5 stars","+10","0.0","37% (6/16)"
"13",2,"Jaxon Smith-Njigba",SEA,"WR3","11","Coach Upside rating","Coach Bust rating","3 out of 5 stars","-5","+2.4","62% (10/16)"
"14",2,"Trevor Lawrence",JAC,"QB9","7","Coach Upside rating","Coach Bust rating","4 out of 5 stars","+16","+3.9","75% (12/16)"
"15",2,"Dak Prescott",DAL,"QB10","14","Coach Upside rating","Coach Bust rating","2 out of 5 stars","+20","+1.9","68% (11/16)"
"16",2,"Amon-Ra St. Brown",DET,"WR4","6","Coach Upside rating","Coach Bust rating","4 out of 5 stars","-3","-0.1","37% (6/16)"
"17",2,"Christian McCaffrey",SF,"RB3","8","Coach Upside rating","Coach Bust rating","2 out of 5 stars","-10","+2.8","75% (12/16)"
"18",3,"Jonathan Taylor",IND,"RB4","13","Coach Upside rating","Coach Bust rating","4 out of 5 stars","-6","+2.6","43% (7/16)"
"19",3,"CeeDee Lamb",DAL,"WR5","14","Coach Upside rating","Coach Bust rating","2 out of 5 stars","-2","-2.4","38% (5/13)"
"20",3,"Brock Purdy",SF,"QB11","8","Coach Upside rating","Coach Bust rating","1 out of 5 stars","+14","+4.6","87% (7/8)"
"21",3,"Jaxson Dart",NYG,"QB12","8","Coach Upside rating","Coach Bust rating","4 out of 5 stars","+4","+2.2","64% (9/14)"
"22",3,"Justin Jefferson",MIN,"WR6","6","Coach Upside rating","Coach Bust rating","5 out of 5 stars","-3","-4.0","25% (4/16)"
"23",3,"James Cook III",BUF,"RB5","7","Coach Upside rating","Coach Bust rating","2 out of 5 stars","-9","+2.2","62% (10/16)"
"24",3,"Patrick Mahomes II",KC,"QB13","5","Coach Upside rating","Coach Bust rating","2 out of 5 stars","+5","-","-"
"25",3,"Bo Nix",DEN,"QB14","10","Coach Upside rating","Coach Bust rating","3 out of 5 stars","+11","+1.0","50% (8/16)"
"26",3,"Ashton Jeanty",LV,"RB6","13","Coach Upside rating","Coach Bust rating","2 out of 5 stars","-10","-0.6","43% (7/16)"
"27",3,"Drake London",ATL,"WR7","11","Coach Upside rating","Coach Bust rating","3 out of 5 stars","-3","+0.9","45% (5/11)"
"28",4,"Matthew Stafford",LAR,"QB15","11","Coach Upside rating","Coach Bust rating","3 out of 5 stars","+33","+3.3","62% (10/16)"
"29",4,"Saquon Barkley",PHI,"RB7","10","Coach Upside rating","Coach Bust rating","4 out of 5 stars","-2","-2.1","37% (6/16)"
"30",4,"A.J. Brown",NE,"WR8","11","Coach Upside rating","Coach Bust rating","2 out of 5 stars","+3","-0.1","46% (7/15)"
"31",4,"Chase Brown",CIN,"RB8","6","Coach Upside rating","Coach Bust rating","2 out of 5 stars","0","+2.0","56% (9/16)"
"32",4,"Brock Bowers",LV,"TE1","13","Coach Upside rating","Coach Bust rating","3 out of 5 stars","-9","-","-"
"33",4,"De'Von Achane",MIA,"RB9","6","Coach Upside rating","Coach Bust rating","3 out of 5 stars","-12","+0.1","31% (5/16)"
"34",4,"Omarion Hampton",LAC,"RB10","7","Coach Upside rating","Coach Bust rating","3 out of 5 stars","-8","+0.7","55% (5/9)"
"35",4,"Nico Collins",HOU,"WR9","8","Coach Upside rating","Coach Bust rating","3 out of 5 stars","+2","-0.5","46% (7/15)"
"36",4,"Jared Goff",DET,"QB16","6","Coach Upside rating","Coach Bust rating","5 out of 5 stars","+12","+0.8","43% (7/16)"
"37",4,"George Pickens",DAL,"WR10","14","Coach Upside rating","Coach Bust rating","2 out of 5 stars","+2","+2.4","43% (7/16)"
"38",4,"Derrick Henry",BAL,"RB11","13","Coach Upside rating","Coach Bust rating","3 out of 5 stars","0","+1.4","43% (7/16)"
"39",4,"Kenneth Walker III",KC,"RB12","5","Coach Upside rating","Coach Bust rating","3 out of 5 stars","-11","-1.4","25% (4/16)"
"40",4,"Kyler Murray",MIN,"QB17","6","Coach Upside rating","Coach Bust rating","5 out of 5 stars","+24","-","-"
"41",4,"Trey McBride",ARI,"TE2","14","Coach Upside rating","Coach Bust rating","2 out of 5 stars","-23","+2.2","56% (9/16)"
"42",4,"Rashee Rice",KC,"WR11","5","Coach Upside rating","Coach Bust rating","2 out of 5 stars","-2","-","-"
"43",4,"Chris Olave",NO,"WR12","8","Coach Upside rating","Coach Bust rating","3 out of 5 stars","-2","+2.4","50% (8/16)"
"44",4,"Baker Mayfield",TB,"QB18","10","Coach Upside rating","Coach Bust rating","2 out of 5 stars","+8","-0.9","56% (9/16)"
"45",4,"DeVonta Smith",PHI,"WR13","10","Coach Upside rating","Coach Bust rating","4 out of 5 stars","+12","-1.0","37% (6/16)"
"46",4,"Jordan Love",GB,"QB19","11","Coach Upside rating","Coach Bust rating","4 out of 5 stars","+1","-1.2","46% (7/15)"
"47",5,"Tyler Shough",NO,"QB20","8","Coach Upside rating","Coach Bust rating","3 out of 5 stars","+13","+1.6","46% (7/15)"
"48",5,"Zay Flowers",BAL,"WR14","13","Coach Upside rating","Coach Bust rating","4 out of 5 stars","+10","-0.4","37% (6/16)"
"49",5,"Kyren Williams",LAR,"RB13","11","Coach Upside rating","Coach Bust rating","5 out of 5 stars","-4","+0.9","56% (9/16)"
"50",5,"Tee Higgins",CIN,"WR15","6","Coach Upside rating","Coach Bust rating","4 out of 5 stars","0","+0.9","50% (7/14)"
"51",5,"Tetairoa McMillan",CAR,"WR16","5","Coach Upside rating","Coach Bust rating","2 out of 5 stars","+2","-0.3","37% (6/16)"
"52",5,"Jeremiyah Love",ARI,"RB14","14","Coach Upside rating","Coach Bust rating","2 out of 5 stars","-20","-","-"
"53",5,"Breece Hall",NYJ,"RB15","13","Coach Upside rating","Coach Bust rating","3 out of 5 stars","-11","-1.2","43% (7/16)"
"54",5,"Emeka Egbuka",TB,"WR17","10","Coach Upside rating","Coach Bust rating","4 out of 5 stars","+11","-1.4","31% (5/16)"
"55",5,"Malik Willis",MIA,"QB21","6","Coach Upside rating","Coach Bust rating","3 out of 5 stars","+24","+1.8","26% (4/15)"
"56",5,"Josh Jacobs",GB,"RB16","11","Coach Upside rating","Coach Bust rating","4 out of 5 stars","-13","-1.7","40% (6/15)"
"57",5,"Garrett Wilson",NYJ,"WR18","13","Coach Upside rating","Coach Bust rating","4 out of 5 stars","-2","-","-"
"58",5,"Colston Loveland",CHI,"TE3","10","Coach Upside rating","Coach Bust rating","2 out of 5 stars","-14","+1.9","53% (8/15)"
"59",5,"Malik Nabers",NYG,"WR19","8","Coach Upside rating","Coach Bust rating","4 out of 5 stars","-13","-","-"
"60",5,"Javonte Williams",DAL,"RB17","14","Coach Upside rating","Coach Bust rating","4 out of 5 stars","-9","+0.9","56% (9/16)"
"61",5,"Ladd McConkey",LAC,"WR20","7","Coach Upside rating","Coach Bust rating","2 out of 5 stars","-2","-2.1","43% (7/16)"
"62",5,"Jaylen Waddle",DEN,"WR21","10","Coach Upside rating","Coach Bust rating","2 out of 5 stars","+4","-1.0","43% (7/16)"
"63",5,"Terry McLaurin",WAS,"WR22","7","Coach Upside rating","Coach Bust rating","2 out of 5 stars","+11","-0.6","33% (3/9)"
"64",5,"C.J. Stroud",HOU,"QB22","8","Coach Upside rating","Coach Bust rating","4 out of 5 stars","+6","-0.9","38% (5/13)"
"65",5,"Travis Etienne Jr.",NO,"RB18","8","Coach Upside rating","Coach Bust rating","3 out of 5 stars","-16","+2.2","62% (10/16)"
"66",5,"Davante Adams",LAR,"WR23","11","Coach Upside rating","Coach Bust rating","1 out of 5 stars","+3","+0.2","50% (7/14)"
"67",6,"Cam Ward",TEN,"QB23","9","Coach Upside rating","Coach Bust rating","3 out of 5 stars","+5","-0.6","50% (8/16)"
"68",6,"Cam Skattebo",NYG,"RB19","8","Coach Upside rating","Coach Bust rating","4 out of 5 stars","-5","-","-"
"69",6,"Mike Evans",SF,"WR24","8","Coach Upside rating","Coach Bust rating","2 out of 5 stars","+13","-2.7","28% (2/7)"
"70",6,"Luther Burden III",CHI,"WR25","10","Coach Upside rating","Coach Bust rating","3 out of 5 stars","-8","+1.8","57% (8/14)"
"71",6,"Sam Darnold",SEA,"QB24","11","Coach Upside rating","Coach Bust rating","4 out of 5 stars","0","-0.3","56% (9/16)"
"72",6,"Quinshon Judkins",CLE,"RB20","11","Coach Upside rating","Coach Bust rating","3 out of 5 stars","+1","-","-"
"73",6,"Jameson Williams",DET,"WR26","6","Coach Upside rating","Coach Bust rating","4 out of 5 stars","+3","+0.1","50% (8/16)"
"74",6,"D'Andre Swift",CHI,"RB21","10","Coach Upside rating","Coach Bust rating","2 out of 5 stars","+1","+2.1","60% (9/15)"
"75",6,"Tyler Warren",IND,"TE4","13","Coach Upside rating","Coach Bust rating","3 out of 5 stars","-19","-0.4","50% (8/16)"
"76",6,"Christian Watson",GB,"WR27","11","Coach Upside rating","Coach Bust rating","5 out of 5 stars","+11","+2.4","50% (5/10)"
"77",6,"Bucky Irving",TB,"RB22","10","Coach Upside rating","Coach Bust rating","2 out of 5 stars","-23","-1.1","44% (4/9)"
"78",6,"David Montgomery",HOU,"RB23","8","Coach Upside rating","Coach Bust rating","4 out of 5 stars","0","-0.1","43% (7/16)"
"79",6,"DJ Moore",BUF,"WR28","7","Coach Upside rating","Coach Bust rating","4 out of 5 stars","+1","-0.5","31% (5/16)"
"80",6,"TreVeyon Henderson",NE,"RB24","11","Coach Upside rating","Coach Bust rating","2 out of 5 stars","-13","0.0","31% (5/16)"
"81",6,"Rome Odunze",CHI,"WR29","10","Coach Upside rating","Coach Bust rating","3 out of 5 stars","+10","-1.6","46% (6/13)"
"82",6,"Daniel Jones",IND,"QB25","13","Coach Upside rating","Coach Bust rating","4 out of 5 stars","+1","-","-"
"83",6,"Bryce Young",CAR,"QB26","5","Coach Upside rating","Coach Bust rating","2 out of 5 stars","+3","-0.4","40% (6/15)"
"84",6,"Bhayshul Tuten",JAC,"RB25","7","Coach Upside rating","Coach Bust rating","4 out of 5 stars","-7","-","-"
"85",6,"Jadarian Price",SEA,"RB26","11","Coach Upside rating","Coach Bust rating","4 out of 5 stars","+26","-","-"
"86",6,"Tucker Kraft",GB,"TE5","11","Coach Upside rating","Coach Bust rating","2 out of 5 stars","-2","-","-"
"87",6,"Carnell Tate",TEN,"WR30","9","Coach Upside rating","Coach Bust rating","3 out of 5 stars","-2","-","-"
"88",6,"Jaylen Warren",PIT,"RB27","9","Coach Upside rating","Coach Bust rating","2 out of 5 stars","+2","-0.1","46% (7/15)"
"89",6,"Marvin Harrison Jr.",ARI,"WR31","14","Coach Upside rating","Coach Bust rating","2 out of 5 stars","+9","-1.7","50% (6/12)"
"90",6,"Jacoby Brissett",ARI,"QB27","14","Coach Upside rating","Coach Bust rating","2 out of 5 stars","+32","+2.5","60% (9/15)"
"91",7,"Tony Pollard",TEN,"RB28","9","Coach Upside rating","Coach Bust rating","3 out of 5 stars","+5","0.0","25% (4/16)"
"92",7,"Alec Pierce",IND,"WR32","13","Coach Upside rating","Coach Bust rating","4 out of 5 stars","+13","+2.5","64% (9/14)"
"93",7,"Rhamondre Stevenson",NE,"RB29","11","Coach Upside rating","Coach Bust rating","2 out of 5 stars","+1","+0.4","53% (7/13)"
"94",7,"Brian Thomas Jr.",JAC,"WR33","7","Coach Upside rating","Coach Bust rating","4 out of 5 stars","+3","-2.4","30% (4/13)"
"95",7,"DK Metcalf",PIT,"WR34","9","Coach Upside rating","Coach Bust rating","3 out of 5 stars","+5","-","-"
"96",7,"Harold Fannin Jr.",CLE,"TE6","11","Coach Upside rating","Coach Bust rating","3 out of 5 stars","-15","+2.0","56% (9/16)"
"97",7,"Chuba Hubbard",CAR,"RB30","5","Coach Upside rating","Coach Bust rating","1 out of 5 stars","-2","-1.1","28% (4/14)"
"98",7,"Parker Washington",JAC,"WR35","7","Coach Upside rating","Coach Bust rating","4 out of 5 stars","+11","+3.8","80% (12/15)"
"99",7,"Sam LaPorta",DET,"TE7","6","Coach Upside rating","Coach Bust rating","3 out of 5 stars","-7","+0.7","44% (4/9)"
"100",7,"Kyle Pitts Sr.",ATL,"TE8","11","Coach Upside rating","Coach Bust rating","3 out of 5 stars","-12","+1.7","50% (8/16)"
"101",7,"Courtland Sutton",DEN,"WR36","10","Coach Upside rating","Coach Bust rating","2 out of 5 stars","-2","0.0","50% (8/16)"
"102",7,"Rico Dowdle",PIT,"RB31","9","Coach Upside rating","Coach Bust rating","2 out of 5 stars","-1","+1.1","31% (5/16)"
"103",7,"Chris Godwin Jr.",TB,"WR37","10","Coach Upside rating","Coach Bust rating","4 out of 5 stars","+11","+0.2","37% (3/8)"
"104",7,"Jordyn Tyson",NO,"WR38","8","Coach Upside rating","Coach Bust rating","3 out of 5 stars","-11","-","-"
"105",7,"J.K. Dobbins",DEN,"RB32","10","Coach Upside rating","Coach Bust rating","2 out of 5 stars","+11","0.0","50% (5/10)"
"106",7,"Michael Wilson",ARI,"WR39","14","Coach Upside rating–No rating available","Coach Bust rating–No rating available","2 out of 5 stars","+1","+2.4","68% (11/16)"
"107",7,"Michael Pittman Jr.",PIT,"WR40","9","Coach Upside rating","Coach Bust rating","3 out of 5 stars","+19","-0.7","56% (9/16)"
"108",7,"RJ Harvey",DEN,"RB33","10","Coach Upside rating","Coach Bust rating","2 out of 5 stars","-19","+2.0","50% (8/16)"
"109",7,"Quentin Johnston",LAC,"WR41","7","Coach Upside rating","Coach Bust rating","2 out of 5 stars","+15","+0.9","57% (8/14)"
"110",7,"Kyle Monangai",CHI,"RB34","10","Coach Upside rating","Coach Bust rating","2 out of 5 stars","-6","+1.2","43% (7/16)"
"111",7,"Blake Corum",LAR,"RB35","11","Coach Upside rating","Coach Bust rating","5 out of 5 stars","+2","+2.1","56% (9/16)"
"112",7,"Jakobi Meyers",JAC,"WR42","7","Coach Upside rating","Coach Bust rating","4 out of 5 stars","+3","-1.4","33% (5/15)"
"113",7,"Wan'Dale Robinson",TEN,"WR43","9","Coach Upside rating","Coach Bust rating","3 out of 5 stars","+17","+1.1","43% (7/16)"
"114",7,"Makai Lemon",PHI,"WR44","10","Coach Upside rating","Coach Bust rating","4 out of 5 stars","-8","-","-"
"115",7,"Travis Kelce",KC,"TE9","5","Coach Upside rating","Coach Bust rating","4 out of 5 stars","-7","+0.2","50% (8/16)"
"116",7,"Kenny Gainwell",TB,"RB36","10","Coach Upside rating","Coach Bust rating","2 out of 5 stars","+4","+2.4","43% (7/16)"
"117",7,"George Kittle",SF,"TE10","8","Coach Upside rating","Coach Bust rating","3 out of 5 stars","-14","+1.6","50% (5/10)"
"118",7,"Josh Downs",IND,"WR45","13","Coach Upside rating","Coach Bust rating","4 out of 5 stars","+20","-0.5","46% (7/15)"
"119",7,"Jordan Addison",MIN,"WR46","6","Coach Upside rating","Coach Bust rating","5 out of 5 stars","+9","-0.4","30% (4/13)"
"120",7,"Geno Smith",NYJ,"QB28","13","Coach Upside rating–No rating available","Coach Bust rating–No rating available","4 out of 5 stars","+17","-1.5","40% (6/15)"
"121",7,"Rachaad White",WAS,"RB37","7","Coach Upside rating","Coach Bust rating","4 out of 5 stars","+18","-1.2","37% (6/16)"
"122",7,"Aaron Jones Sr.",MIN,"RB38","6","Coach Upside rating","Coach Bust rating","4 out of 5 stars","+5","-1.3","33% (4/12)"
"123",7,"Jayden Reed",GB,"WR47","11","Coach Upside rating","Coach Bust rating","5 out of 5 stars","+10","-1.9","33% (2/6)"
"124",7,"Dalton Kincaid",BUF,"TE11","7","Coach Upside rating","Coach Bust rating","3 out of 5 stars","-22","+1.6","54% (6/11)"
"125",7,"Jonathon Brooks",CAR,"RB39","5","Coach Upside rating","Coach Bust rating","1 out of 5 stars","+29","-","-"
"126",7,"Jake Ferguson",DAL,"TE12","14","Coach Upside rating","Coach Bust rating","2 out of 5 stars","-16","+0.3","50% (8/16)"
"127",7,"Jacory Croskey-Merritt",WAS,"RB40","7","Coach Upside rating","Coach Bust rating","4 out of 5 stars","+8","-0.2","37% (6/16)"
"128",8,"Dallas Goedert",PHI,"TE13","10","Coach Upside rating","Coach Bust rating","4 out of 5 stars","-16","+1.9","53% (8/15)"
"129",8,"Jordan Mason",MIN,"RB41","6","Coach Upside rating","Coach Bust rating","4 out of 5 stars","+13","-1.0","33% (5/15)"
"130",8,"Xavier Worthy",KC,"WR48","5","Coach Upside rating","Coach Bust rating","2 out of 5 stars","+6","-3.4","14% (2/14)"
"131",8,"Mark Andrews",BAL,"TE14","13","Coach Upside rating","Coach Bust rating","4 out of 5 stars","-14","-1.1","25% (4/16)"
"132",8,"Jayden Higgins",HOU,"WR49","8","Coach Upside rating","Coach Bust rating","3 out of 5 stars","+23","+0.4","50% (8/16)"
"133",8,"Isaiah Likely",NYG,"TE15","8","Coach Upside rating","Coach Bust rating","3 out of 5 stars","-14","-1.9","23% (3/13)"
"134",8,"Tyrone Tracy Jr.",NYG,"RB42","8","Coach Upside rating","Coach Bust rating","4 out of 5 stars","+16","-0.5","35% (5/14)"
"135",8,"Romeo Doubs",NE,"WR50","11","Coach Upside rating","Coach Bust rating","2 out of 5 stars","+5","-0.4","43% (7/16)"
"136",8,"Khalil Shakir",BUF,"WR51","7","Coach Upside rating","Coach Bust rating","4 out of 5 stars","+8","-1.1","37% (6/16)"
"137",8,"Chris Rodriguez Jr.",JAC,"RB43","7","Coach Upside rating","Coach Bust rating","4 out of 5 stars","+27","+1.8","58% (7/12)"
"138",8,"KC Concepcion",CLE,"WR52","11","Coach Upside rating","Coach Bust rating","3 out of 5 stars","+9","-","-"
"139",8,"Jalen Coker",CAR,"WR53","5","Coach Upside rating","Coach Bust rating","2 out of 5 stars","+17","+0.5","40% (4/10)"
"140",8,"Tyler Allgeier",ARI,"RB44","14","Coach Upside rating","Coach Bust rating","2 out of 5 stars","+9","+1.0","56% (9/16)"
"141",8,"Matthew Golden",GB,"WR54","11","Coach Upside rating","Coach Bust rating","5 out of 5 stars","+19","-2.6","23% (3/13)"
"142",8,"Isiah Pacheco",DET,"RB45","6","Coach Upside rating","Coach Bust rating","5 out of 5 stars","+37","-1.9","30% (4/13)"
"143",8,"Woody Marks",HOU,"RB46","8","Coach Upside rating","Coach Bust rating","4 out of 5 stars","+8","+0.1","40% (6/15)"
"144",8,"Zach Charbonnet",SEA,"RB47","11","Coach Upside rating","Coach Bust rating","4 out of 5 stars","+2","+1.9","60% (9/15)"
"145",8,"Tyjae Spears",TEN,"RB48","9","Coach Upside rating","Coach Bust rating","3 out of 5 stars","+14","-0.2","25% (3/12)"
"146",8,"Alvin Kamara",NO,"RB49","8","Coach Upside rating","Coach Bust rating","3 out of 5 stars","+19","-4.1","18% (2/11)"
"147",8,"Aaron Rodgers",PIT,"QB29","9","Coach Upside rating–No rating available","Coach Bust rating–No rating available","2 out of 5 stars","+10","-0.5","53% (8/15)"
"148",8,"Ricky Pearsall",SF,"WR55","8","Coach Upside rating","Coach Bust rating","2 out of 5 stars","-27","-1.3","44% (4/9)"
"149",8,"Rashid Shaheed",SEA,"WR56","11","Coach Upside rating","Coach Bust rating","3 out of 5 stars","+23","-0.4","41% (7/17)"
"150",8,"Dylan Sampson",CLE,"RB50","11","Coach Upside rating","Coach Bust rating","3 out of 5 stars","+16","+0.5","42% (6/14)"
"151",8,"Brenton Strange",JAC,"TE16","7","Coach Upside rating","Coach Bust rating","3 out of 5 stars","-22","+0.2","54% (6/11)"
"152",8,"Juwan Johnson",NO,"TE17","8","Coach Upside rating","Coach Bust rating","2 out of 5 stars","-29","+1.1","50% (8/16)"
"153",8,"Hunter Henry",NE,"TE18","11","Coach Upside rating","Coach Bust rating","4 out of 5 stars","-28","+0.5","43% (7/16)"
"154",8,"Chig Okonkwo",WAS,"TE19","7","Coach Upside rating","Coach Bust rating","1 out of 5 stars","-11","+0.2","50% (8/16)"
"155",8,"Tank Bigsby",PHI,"RB51","10","Coach Upside rating","Coach Bust rating","4 out of 5 stars","+31","+0.2","31% (5/16)"
"156",8,"Brian Robinson Jr.",ATL,"RB52","11","Coach Upside rating","Coach Bust rating","2 out of 5 stars","-8","-0.6","25% (4/16)"
"157",8,"Oronde Gadsden II",LAC,"TE20","7","Coach Upside rating","Coach Bust rating","4 out of 5 stars","-39","+0.8","42% (6/14)"
"158",8,"Keaton Mitchell",LAC,"RB53","7","Coach Upside rating","Coach Bust rating","3 out of 5 stars","+13","+0.4","50% (6/12)"
"159",8,"Jerry Jeudy",CLE,"WR57","11","Coach Upside rating","Coach Bust rating","3 out of 5 stars","+26","-2.2","18% (3/16)"
"160",8,"Jauan Jennings",MIN,"WR58","6","Coach Upside rating","Coach Bust rating","5 out of 5 stars","-2","+1.0","50% (7/14)"
"161",8,"Adonai Mitchell",NYJ,"WR59","13","Coach Upside rating","Coach Bust rating","4 out of 5 stars","+30","0.0","28% (4/14)"
"162",8,"Tre Tucker",LV,"WR60","13","Coach Upside rating","Coach Bust rating","2 out of 5 stars","+28","+0.2","37% (6/16)"
"163",8,"Jonah Coleman",DEN,"RB54","10","Coach Upside rating","Coach Bust rating","2 out of 5 stars","-2","-","-"
"164",9,"Dalton Schultz",HOU,"TE21","8","Coach Upside rating","Coach Bust rating","4 out of 5 stars","-33","+0.9","56% (9/16)"
"165",9,"Jalen McMillan",TB,"WR61","10","Coach Upside rating","Coach Bust rating","4 out of 5 stars","+16","+5.0","100% (3/3)"
"166",9,"Denzel Boston",CLE,"WR62","11","Coach Upside rating","Coach Bust rating","3 out of 5 stars","+11","-","-"
"167",9,"T.J. Hockenson",MIN,"TE22","6","Coach Upside rating","Coach Bust rating","4 out of 5 stars","-22","-1.1","40% (6/15)"
"168",9,"Omar Cooper Jr.",NYJ,"WR63","13","Coach Upside rating","Coach Bust rating","4 out of 5 stars","+6","-","-"
"169",9,"AJ Barner",SEA,"TE23","11","Coach Upside rating","Coach Bust rating","3 out of 5 stars","-17","+1.7","50% (8/16)"
"170",9,"Kenyon Sadiq",NYJ,"TE24","13","Coach Upside rating","Coach Bust rating","4 out of 5 stars","-36","-","-"
"171",9,"Fernando Mendoza",LV,"QB30","13","Coach Upside rating–No rating available","Coach Bust rating–No rating available","1 out of 5 stars","-103","-","-"
"172",9,"Ryan Flournoy",DAL,"WR64","14","Coach Upside rating","Coach Bust rating","2 out of 5 stars","+42","+3.2","66% (8/12)"
"173",9,"James Conner",ARI,"RB55","14","Coach Upside rating","Coach Bust rating","2 out of 5 stars","+2","-","-"
"174",9,"Tre' Harris",LAC,"WR65","7","Coach Upside rating","Coach Bust rating","2 out of 5 stars","+27","-0.4","37% (6/16)"
"175",9,"Travis Hunter",JAC,"WR66","7","Coach Upside rating","Coach Bust rating","4 out of 5 stars","+1","-","-"
"176",9,"Braelon Allen",NYJ,"RB56","13","Coach Upside rating","Coach Bust rating","3 out of 5 stars","+8","-1.2","50% (2/4)"
"177",9,"Tua Tagovailoa",ATL,"QB31","11","Coach Upside rating–No rating available","Coach Bust rating–No rating available","4 out of 5 stars","-45","-1.9","35% (5/14)"
"178",9,"Kayshon Boutte",NE,"WR67","11","Coach Upside rating","Coach Bust rating","2 out of 5 stars","+34","+0.8","46% (6/13)"
"179",9,"De'Zhaun Stribling",SF,"WR68","8","Coach Upside rating","Coach Bust rating","2 out of 5 stars","+48","-","-"
"180",9,"Calvin Ridley",TEN,"WR69","9","Coach Upside rating","Coach Bust rating","3 out of 5 stars","+20","-","-"
"181",9,"Troy Franklin",DEN,"WR70","10","Coach Upside rating","Coach Bust rating","2 out of 5 stars","+39","+1.0","50% (8/16)"
"182",9,"Sean Tucker",TB,"RB57","10","Coach Upside rating","Coach Bust rating","2 out of 5 stars","+13","+1.4","43% (7/16)"
"183",9,"Emanuel Wilson",SEA,"RB58","11","Coach Upside rating","Coach Bust rating","4 out of 5 stars","+40","+0.8","37% (6/16)"
"184",9,"Kimani Vidal",LAC,"RB59","7","Coach Upside rating–No rating available","Coach Bust rating–No rating available","3 out of 5 stars","+12","+0.4","45% (5/11)"
"185",9,"Jaylin Noel",HOU,"WR71","8","Coach Upside rating","Coach Bust rating","3 out of 5 stars","+59","+0.6","37% (6/16)"
"186",9,"Darnell Mooney",NYG,"WR72","8","Coach Upside rating","Coach Bust rating","4 out of 5 stars","+39","-2.9","14% (2/14)"
"187",9,"Ray Davis",BUF,"RB60","7","Coach Upside rating–No rating available","Coach Bust rating–No rating available","2 out of 5 stars","+26","-0.3","31% (5/16)"
"188",9,"Isaac TeSlaa",DET,"WR73","6","Coach Upside rating","Coach Bust rating","4 out of 5 stars","+11","+1.1","43% (7/16)"
"189",9,"Malik Washington",MIA,"WR74","6","Coach Upside rating","Coach Bust rating","3 out of 5 stars","+44","-1.1","31% (5/16)"
"190",9,"Pat Bryant",DEN,"WR75","10","Coach Upside rating–No rating available","Coach Bust rating–No rating available","2 out of 5 stars","+31","+0.3","35% (5/14)"
"191",9,"Deebo Samuel Sr.",SF,"WR76","8","Coach Upside rating","Coach Bust rating","2 out of 5 stars","-13","-0.7","46% (7/15)"
"192",9,"Terrance Ferguson",LAR,"TE25","11","Coach Upside rating","Coach Bust rating","4 out of 5 stars","-25","+1.4","42% (6/14)"
"193",9,"Jalen Nailor",LV,"WR77","13","Coach Upside rating–No rating available","Coach Bust rating–No rating available","2 out of 5 stars","+15","-0.2","31% (5/16)"
"194",9,"Rashod Bateman",BAL,"WR78","13","Coach Upside rating–No rating available","Coach Bust rating–No rating available","4 out of 5 stars","+51","-2.5","23% (3/13)"
"195",9,"Pat Freiermuth",PIT,"TE26","9","Coach Upside rating","Coach Bust rating","2 out of 5 stars","+11","+0.9","37% (6/16)"
"196",9,"Nicholas Singleton",TEN,"RB61","9","Coach Upside rating","Coach Bust rating","3 out of 5 stars","+13","-","-"
"197",9,"Dontayvion Wicks",PHI,"WR79","10","Coach Upside rating–No rating available","Coach Bust rating–No rating available","4 out of 5 stars","+46","-0.5","35% (5/14)"
"198",9,"Ted Hurst III",TB,"WR80","10","Coach Upside rating–No rating available","Coach Bust rating–No rating available","4 out of 5 stars","+40","-","-"
"199",9,"Gunnar Helm",TEN,"TE27","9","Coach Upside rating","Coach Bust rating","3 out of 5 stars","-30","+0.6","50% (8/16)"
"200",9,"Stefon Diggs",FA,"WR81","-","Coach Upside rating","Coach Bust rating","-","-59","+0.1","50% (8/16)"
"201",9,"Cade Otton",TB,"TE28","10","Coach Upside rating–No rating available","Coach Bust rating–No rating available","2 out of 5 stars","-33","-1.4","33% (5/15)"
"202",9,"Jaylen Wright",MIA,"RB62","6","Coach Upside rating–No rating available","Coach Bust rating–No rating available","3 out of 5 stars","+32","+2.3","54% (6/11)"
"203",9,"Emmett Johnson",KC,"RB63","5","Coach Upside rating","Coach Bust rating","3 out of 5 stars","-33","-","-"
"204",9,"MarShawn Lloyd",GB,"RB64","11","Coach Upside rating–No rating available","Coach Bust rating–No rating available","4 out of 5 stars","+26","-","-"
"205",9,"David Njoku",LAC,"TE29","7","Coach Upside rating","Coach Bust rating","4 out of 5 stars","-43","-1.1","33% (4/12)"
"206",9,"Cooper Kupp",SEA,"WR82","11","Coach Upside rating–No rating available","Coach Bust rating–No rating available","3 out of 5 stars","+48","-1.5","40% (6/15)"
"207",10,"Tank Dell",HOU,"WR83","8","Coach Upside rating","Coach Bust rating","3 out of 5 stars","-5","-","-"
"208",10,"Chimere Dike",TEN,"WR84","9","Coach Upside rating","Coach Bust rating","3 out of 5 stars","+14","+0.3","37% (6/16)"
"209",10,"Mike Washington Jr.",LV,"RB65","13","Coach Upside rating","Coach Bust rating","2 out of 5 stars","-15","-","-"
"210",10,"Michael Penix Jr.",ATL,"QB32","11","Coach Upside rating–No rating available","Coach Bust rating–No rating available","4 out of 5 stars","-57","-","-"
"211",10,"Jaydon Blue",DAL,"RB66","14","Coach Upside rating–No rating available","Coach Bust rating–No rating available","4 out of 5 stars","+28","-3.3","0% (0/4)"
"212",10,"Keon Coleman",BUF,"WR85","7","Coach Upside rating–No rating available","Coach Bust rating–No rating available","4 out of 5 stars","+51","-1.5","25% (3/12)"
"213",10,"Oscar Delp",NO,"TE30","8","Coach Upside rating–No rating available","Coach Bust rating–No rating available","2 out of 5 stars","-","-","-"
"214",10,"Antonio Williams",WAS,"WR86","7","Coach Upside rating–No rating available","Coach Bust rating–No rating available","2 out of 5 stars","-31","-","-"
"215",10,"Colby Parkinson",LAR,"TE31","11","Coach Upside rating–No rating available","Coach Bust rating–No rating available","4 out of 5 stars","-35","+2.9","64% (9/14)"
"216",10,"Kaytron Allen",WAS,"RB67","7","Coach Upside rating","Coach Bust rating","4 out of 5 stars","-23","-","-"
"217",10,"Ollie Gordon II",MIA,"RB68","6","Coach Upside rating–No rating available","Coach Bust rating–No rating available","3 out of 5 stars","-","-0.6","25% (4/16)"
"218",10,"Zachariah Branch",ATL,"WR87","11","Coach Upside rating–No rating available","Coach Bust rating–No rating available","3 out of 5 stars","-2","-","-"
"219",10,"Jack Bech",LV,"WR88","13","Coach Upside rating–No rating available","Coach Bust rating–No rating available","2 out of 5 stars","+47","-1.1","40% (6/15)"
"220",10,"Elic Ayomanor",TEN,"WR89","9","Coach Upside rating–No rating available","Coach Bust rating–No rating available","3 out of 5 stars","+11","-0.7","33% (5/15)"
"221",10,"Justice Hill",BAL,"RB69","13","Coach Upside rating–No rating available","Coach Bust rating–No rating available","3 out of 5 stars","-2","+0.2","40% (4/10)"
"222",10,"Evan Engram",DEN,"TE32","10","Coach Upside rating–No rating available","Coach Bust rating–No rating available","4 out of 5 stars","-5","-1.4","26% (4/15)"
"223",10,"Tory Horton",SEA,"WR90","11","Coach Upside rating–No rating available","Coach Bust rating–No rating available","3 out of 5 stars","+34","+1.3","50% (4/8)"
"224",10,"George Holani",SEA,"RB70","11","Coach Upside rating–No rating available","Coach Bust rating–No rating available","4 out of 5 stars","+28","+0.4","22% (2/9)"
"225",10,"Isaiah Davis",NYJ,"RB71","13","Coach Upside rating–No rating available","Coach Bust rating–No rating available","3 out of 5 stars","-","-0.1","37% (6/16)"
"226",10,"Germie Bernard",PIT,"WR91","9","Coach Upside rating–No rating available","Coach Bust rating–No rating available","3 out of 5 stars","0","-","-"
"227",10,"Tyquan Thornton",KC,"WR92","5","Coach Upside rating–No rating available","Coach Bust rating–No rating available","2 out of 5 stars","-","-","-"
"228",10,"Christian Kirk",SF,"WR93","8","Coach Upside rating–No rating available","Coach Bust rating–No rating available","2 out of 5 stars","+30","-2.3","25% (3/12)"
"229",10,"Chris Brooks",GB,"RB72","11","Coach Upside rating–No rating available","Coach Bust rating–No rating available","4 out of 5 stars","-","-0.6","25% (4/16)"
"230",10,"Brandon Aiyuk",SF,"WR94","8","Coach Upside rating","Coach Bust rating","2 out of 5 stars","-20","-","-"
"231",10,"DJ Giddens",IND,"RB73","13","Coach Upside rating–No rating available","Coach Bust rating–No rating available","4 out of 5 stars","-","-0.6","28% (2/7)"
"232",10,"Demond Claiborne",MIN,"RB74","6","Coach Upside rating–No rating available","Coach Bust rating–No rating available","4 out of 5 stars","-17","-","-"
"233",10,"Eli Stowers",PHI,"TE33","10","Coach Upside rating–No rating available","Coach Bust rating–No rating available","4 out of 5 stars","-60","-","-"
"234",10,"Kirk Cousins",LV,"QB33","13","Coach Upside rating–No rating available","Coach Bust rating–No rating available","1 out of 5 stars","-30","-0.1","33% (5/15)"
"235",10,"Trey Benson",ARI,"RB75","14","Coach Upside rating–No rating available","Coach Bust rating–No rating available","2 out of 5 stars","-37","-","-"
"236",10,"Jordan James",SF,"RB76","8","Coach Upside rating–No rating available","Coach Bust rating–No rating available","2 out of 5 stars","-12","-0.8","0% (0/1)"
"237",10,"Samaje Perine",CIN,"RB77","6","Coach Upside rating–No rating available","Coach Bust rating–No rating available","2 out of 5 stars","+11","0.0","42% (6/14)"
"238",10,"Deshaun Watson",CLE,"QB34","11","Coach Upside rating–No rating available","Coach Bust rating–No rating available","4 out of 5 stars","-49","-","-"
"239",10,"Elijah Sarratt",BAL,"WR95","13","Coach Upside rating–No rating available","Coach Bust rating–No rating available","4 out of 5 stars","+20","-","-"
"240",10,"Darius Slayton",NYG,"WR96","8","Coach Upside rating–No rating available","Coach Bust rating–No rating available","4 out of 5 stars","-","-1.2","38% (5/13)"
"241",10,"Ty Johnson",BUF,"RB78","7","Coach Upside rating–No rating available","Coach Bust rating–No rating available","2 out of 5 stars","-","+0.6","37% (6/16)"
"242",10,"Malik Davis",DAL,"RB79","14","Coach Upside rating–No rating available","Coach Bust rating–No rating available","4 out of 5 stars","-","+2.0","57% (4/7)"
"243",10,"Shedeur Sanders",CLE,"QB35","11","Coach Upside rating–No rating available","Coach Bust rating–No rating available","4 out of 5 stars","-80","+1.6","30% (3/10)"
"244",10,"Devaughn Vele",NO,"WR97","8","Coach Upside rating–No rating available","Coach Bust rating–No rating available","3 out of 5 stars","+23","-","-"
"245",10,"Chris Bell",MIA,"WR98","6","Coach Upside rating–No rating available","Coach Bust rating–No rating available","3 out of 5 stars","+2","-","-"
"246",10,"Devin Neal",NO,"RB80","8","Coach Upside rating–No rating available","Coach Bust rating–No rating available","3 out of 5 stars","-5","-","-"
"247",10,"Malachi Fields",NYG,"WR99","8","Coach Upside rating–No rating available","Coach Bust rating–No rating available","4 out of 5 stars","+22","-","-"
"248",10,"Kendre Miller",NO,"RB81","8","Coach Upside rating–No rating available","Coach Bust rating–No rating available","3 out of 5 stars","+7","-","-"
"249",10,"LeQuint Allen Jr.",JAC,"RB82","7","Coach Upside rating–No rating available","Coach Bust rating–No rating available","4 out of 5 stars","-","-0.4","37% (6/16)"
"250",10,"Marvin Mims Jr.",DEN,"WR100","10","Coach Upside rating–No rating available","Coach Bust rating–No rating available","2 out of 5 stars","-1","-0.5","42% (6/14)"
"251",10,"Xavier Legette",CAR,"WR101","5","Coach Upside rating–No rating available","Coach Bust rating–No rating available","2 out of 5 stars","-","-0.5","28% (4/14)"
"252",10,"Kaleb Johnson",PIT,"RB83","9","Coach Upside rating–No rating available","Coach Bust rating–No rating available","2 out of 5 stars","-6","-1.3","21% (3/14)"
"253",10,"Mason Taylor",NYJ,"TE34","13","Coach Upside rating–No rating available","Coach Bust rating–No rating available","4 out of 5 stars","-65","-0.8","30% (4/13)"
"254",10,"Hollywood Brown",PHI,"WR102","10","Coach Upside rating–No rating available","Coach Bust rating–No rating available","4 out of 5 stars","-","+0.3","60% (9/15)"
"255",10,"Greg Dulcich",MIA,"TE35","6","Coach Upside rating–No rating available","Coach Bust rating–No rating available","5 out of 5 stars","-58","+1.9","66% (6/9)"
"256",10,"Devin Singletary",NYG,"RB84","8","Coach Upside rating–No rating available","Coach Bust rating–No rating available","4 out of 5 stars","-","+1.2","50% (8/16)"
"257",10,"Keenan Allen",LAC,"WR103","7","Coach Upside rating–No rating available","Coach Bust rating–No rating available","2 out of 5 stars","+4","-1.4","25% (4/16)"
"258",10,"Theo Johnson",NYG,"TE36","8","Coach Upside rating–No rating available","Coach Bust rating–No rating available","3 out of 5 stars","-66","+0.2","46% (7/15)"
"259",10,"Jerome Ford",WAS,"RB85","7","Coach Upside rating–No rating available","Coach Bust rating–No rating available","4 out of 5 stars","-","-","-"
"260",10,"Kaelon Black",SF,"RB86","8","Coach Upside rating–No rating available","Coach Bust rating–No rating available","2 out of 5 stars","-20","-","-"
"261",10,"Tyreek Hill",FA,"WR104","-","Coach Upside rating–No rating available","Coach Bust rating–No rating available","-","-58","-","-"
"262",10,"Najee Harris",LAC,"RB87","7","Coach Upside rating–No rating available","Coach Bust rating–No rating available","3 out of 5 stars","-20","-","-"
"263",10,"Brashard Smith",KC,"RB88","5","Coach Upside rating–No rating available","Coach Bust rating–No rating available","3 out of 5 stars","-7","-0.3","37% (6/16)"
"264",10,"Mack Hollins",NE,"WR105","11","Coach Upside rating–No rating available","Coach Bust rating–No rating available","2 out of 5 stars","-","+1.1","60% (9/15)"
"265",10,"Emari Demercado",KC,"RB89","5","Coach Upside rating–No rating available","Coach Bust rating–No rating available","3 out of 5 stars","-","-1.1","27% (3/11)"
"266",10,"Kyle Williams",NE,"WR106","11","Coach Upside rating–No rating available","Coach Bust rating–No rating available","2 out of 5 stars","-13","-0.1","31% (5/16)"
"267",10,"Trevor Etienne",CAR,"RB90","5","Coach Upside rating–No rating available","Coach Bust rating–No rating available","1 out of 5 stars","-","-0.7","20% (3/15)"
"268",10,"Adam Randall",BAL,"RB91","13","Coach Upside rating–No rating available","Coach Bust rating–No rating available","3 out of 5 stars","-","-","-"
"269",11,"Isaac Guerendo",SF,"RB92","8","Coach Upside rating–No rating available","Coach Bust rating–No rating available","2 out of 5 stars","-","-1.3","0% (0/13)"
"270",11,"Tahj Brooks",CIN,"RB93","6","Coach Upside rating–No rating available","Coach Bust rating–No rating available","2 out of 5 stars","-","-0.8","8% (1/12)"
"271",11,"Mike Gesicki",CIN,"TE37","6","Coach Upside rating–No rating available","Coach Bust rating–No rating available","3 out of 5 stars","-53","-0.6","25% (3/12)"
"272",11,"Chris Brazzell II",CAR,"WR107","5","Coach Upside rating–No rating available","Coach Bust rating–No rating available","2 out of 5 stars","-12","-","-"
"273",11,"Jarquez Hunter",LAR,"RB94","11","Coach Upside rating–No rating available","Coach Bust rating–No rating available","5 out of 5 stars","-5","-0.8","0% (0/4)"
"274",11,"Jaleel McLaughlin",DEN,"RB95","10","Coach Upside rating–No rating available","Coach Bust rating–No rating available","2 out of 5 stars","-","-0.9","14% (1/7)"
"275",11,"Isaiah Bond",CLE,"WR108","11","Coach Upside rating–No rating available","Coach Bust rating–No rating available","3 out of 5 stars","-","-0.8","33% (5/15)"
"276",11,"Seth McGowan",IND,"RB96","13","Coach Upside rating–No rating available","Coach Bust rating–No rating available","4 out of 5 stars","-","-","-"
"277",11,"Audric Estime",NO,"RB97","8","Coach Upside rating–No rating available","Coach Bust rating–No rating available","3 out of 5 stars","-12","+1.0","33% (2/6)"
"278",11,"Skyler Bell",BUF,"WR109","7","Coach Upside rating–No rating available","Coach Bust rating–No rating available","4 out of 5 stars","-","-","-"
"279",11,"Jake Tonges",SF,"TE38","8","Coach Upside rating–No rating available","Coach Bust rating–No rating available","3 out of 5 stars","-74","+1.0","42% (6/14)"
"280",11,"Ja'Kobi Lane",BAL,"WR110","13","Coach Upside rating–No rating available","Coach Bust rating–No rating available","4 out of 5 stars","-51","-","-"
"281",11,"Will Shipley",PHI,"RB98","10","Coach Upside rating–No rating available","Coach Bust rating–No rating available","4 out of 5 stars","-","-0.6","14% (2/14)"
"282",11,"Joe Mixon",FA,"RB99","-","Coach Upside rating–No rating available","Coach Bust rating–No rating available","-","-50","-","-"
"283",11,"Kareem Hunt",FA,"RB100","-","Coach Upside rating–No rating available","Coach Bust rating–No rating available","-","-","+0.4","37% (6/16)"
"284",11,"Andrei Iosivas",CIN,"WR111","6","Coach Upside rating–No rating available","Coach Bust rating–No rating available","4 out of 5 stars","-","-0.1","37% (6/16)"
"285",11,"Darnell Washington",PIT,"TE39","9","Coach Upside rating–No rating available","Coach Bust rating–No rating available","2 out of 5 stars","-34","+0.5","43% (7/16)"
"286",11,"Cedric Tillman",CLE,"WR112","11","Coach Upside rating–No rating available","Coach Bust rating–No rating available","3 out of 5 stars","-","-2.0","33% (4/12)"
"287",11,"Konata Mumpfield",LAR,"WR113","11","Coach Upside rating–No rating available","Coach Bust rating–No rating available","1 out of 5 stars","-","-0.6","20% (3/15)"
"288",11,"Jalen Royals",KC,"WR114","5","Coach Upside rating–No rating available","Coach Bust rating–No rating available","2 out of 5 stars","-","-1.9","0% (0/4)"
"289",11,"Calvin Austin III",NYG,"WR115","8","Coach Upside rating–No rating available","Coach Bust rating–No rating available","4 out of 5 stars","-","-1.7","30% (4/13)"
"290",11,"Luke McCaffrey",WAS,"WR116","7","Coach Upside rating–No rating available","Coach Bust rating–No rating available","2 out of 5 stars","-","+0.3","55% (5/9)"
"291",11,"Tez Johnson",TB,"WR117","10","Coach Upside rating–No rating available","Coach Bust rating–No rating available","4 out of 5 stars","-","+0.8","42% (6/14)"
"292",11,"Bam Knight",ARI,"RB101","14","Coach Upside rating–No rating available","Coach Bust rating–No rating available","2 out of 5 stars","-","-","-"
"293",11,"Max Klare",LAR,"TE40","11","Coach Upside rating–No rating available","Coach Bust rating–No rating available","4 out of 5 stars","-23","-","-"
"294",12,"Jahan Dotson",ATL,"WR118","11","Coach Upside rating–No rating available","Coach Bust rating–No rating available","3 out of 5 stars","-","-0.6","25% (4/16)"
"295",12,"Caleb Douglas",MIA,"WR119","6","Coach Upside rating–No rating available","Coach Bust rating–No rating available","3 out of 5 stars","-","-","-"
"296",12,"Jalen Tolbert",MIA,"WR120","6","Coach Upside rating–No rating available","Coach Bust rating–No rating available","3 out of 5 stars","-","-0.3","36% (4/11)"
"297",12,"Tyler Higbee",LAR,"TE41","11","Coach Upside rating–No rating available","Coach Bust rating–No rating available","4 out of 5 stars","-","-0.4","40% (4/10)"
"298",12,"Noah Gray",KC,"TE42","5","Coach Upside rating–No rating available","Coach Bust rating–No rating available","4 out of 5 stars","-","-1.2","33% (5/15)"
"299",12,"Dont'e Thornton Jr.",LV,"WR121","13","Coach Upside rating–No rating available","Coach Bust rating–No rating available","2 out of 5 stars","-","-2.9","0% (0/14)"
"300",12,"Olamide Zaccheaus",ATL,"WR122","11","Coach Upside rating–No rating available","Coach Bust rating–No rating available","3 out of 5 stars","-","-0.6","40% (6/15)"
"301",12,"J.J. McCarthy",MIN,"QB36","6","Coach Upside rating–No rating available","Coach Bust rating–No rating available","5 out of 5 stars","-114","-1.0","55% (5/9)"
"302",12,"Elijah Arroyo",SEA,"TE43","11","Coach Upside rating–No rating available","Coach Bust rating–No rating available","3 out of 5 stars","-","-","-"
"303",12,"Cole Kmet",CHI,"TE44","10","Coach Upside rating–No rating available","Coach Bust rating–No rating available","2 out of 5 stars","-","+0.2","46% (7/15)"
"304",12,"Joshua Palmer",BUF,"WR123","7","Coach Upside rating–No rating available","Coach Bust rating–No rating available","4 out of 5 stars","-","-1.7","18% (2/11)"
"305",12,"Michael Mayer",LV,"TE45","13","Coach Upside rating–No rating available","Coach Bust rating–No rating available","3 out of 5 stars","-69","-0.5","33% (4/12)"
"306",12,"DeMario Douglas",NE,"WR124","11","Coach Upside rating–No rating available","Coach Bust rating–No rating available","2 out of 5 stars","-","-0.8","25% (4/16)"
"307",12,"Eli Heidenreich",PIT,"RB102","9","Coach Upside rating–No rating available","Coach Bust rating–No rating available","2 out of 5 stars","-","-","-"
"308",12,"Michael Carter",TEN,"RB103","9","Coach Upside rating–No rating available","Coach Bust rating–No rating available","3 out of 5 stars","-","+0.3","50% (5/10)"
"309",12,"Ja'Tavion Sanders",CAR,"TE46","5","Coach Upside rating–No rating available","Coach Bust rating–No rating available","2 out of 5 stars","-45","-1.1","30% (4/13)"
"310",12,"Dawson Knox",BUF,"TE47","7","Coach Upside rating–No rating available","Coach Bust rating–No rating available","3 out of 5 stars","-","+1.4","56% (9/16)"
"311",12,"J'Mari Taylor",JAC,"RB104","7","Coach Upside rating–No rating available","Coach Bust rating–No rating available","4 out of 5 stars","-","-","-"
"312",12,"Xavier Hutchinson",HOU,"WR125","8","Coach Upside rating–No rating available","Coach Bust rating–No rating available","3 out of 5 stars","-","+0.4","43% (7/16)"
"313",12,"Jawhar Jordan",HOU,"RB105","8","Coach Upside rating–No rating available","Coach Bust rating–No rating available","4 out of 5 stars","-","+0.1","50% (1/2)"
"314",12,"Kendrick Bourne",ARI,"WR126","14","Coach Upside rating–No rating available","Coach Bust rating–No rating available","2 out of 5 stars","-","-0.4","33% (5/15)"
"315",12,"Nick Chubb",FA,"RB106","-","Coach Upside rating–No rating available","Coach Bust rating–No rating available","-","-","-1.3","26% (4/15)"
"316",12,"John Metchie III",CAR,"WR127","5","Coach Upside rating–No rating available","Coach Bust rating–No rating available","2 out of 5 stars","-","+0.1","33% (5/15)"
"317",12,"Treylon Burks",WAS,"WR128","7","Coach Upside rating–No rating available","Coach Bust rating–No rating available","2 out of 5 stars","-","-0.5","50% (3/6)"
"318",12,"Brenen Thompson",LAC,"WR129","7","Coach Upside rating–No rating available","Coach Bust rating–No rating available","2 out of 5 stars","-","-","-"
"319",12,"Noah Fant",NO,"TE48","8","Coach Upside rating–No rating available","Coach Bust rating–No rating available","2 out of 5 stars","-","-0.3","28% (4/14)"
"320",12,"Raheim Sanders",CLE,"RB107","11","Coach Upside rating–No rating available","Coach Bust rating–No rating available","3 out of 5 stars","-","0.0","33% (1/3)"
"321",12,"Erick All Jr.",CIN,"TE49","6","Coach Upside rating–No rating available","Coach Bust rating–No rating available","3 out of 5 stars","-","-","-"
"322",12,"Bryce Lance",NO,"WR130","8","Coach Upside rating–No rating available","Coach Bust rating–No rating available","3 out of 5 stars","-","-","-"
"323",12,"Eli Raridon",NE,"TE50","11","Coach Upside rating–No rating available","Coach Bust rating–No rating available","4 out of 5 stars","-","-","-"
"324",12,"Jaylin Lane",WAS,"WR131","7","Coach Upside rating–No rating available","Coach Bust rating–No rating available","2 out of 5 stars","-","-","-"
"325",12,"Justin Joly",DEN,"TE51","10","Coach Upside rating–No rating available","Coach Bust rating–No rating available","4 out of 5 stars","-","-","-"
"326",12,"Luke Musgrave",GB,"TE52","11","Coach Upside rating–No rating available","Coach Bust rating–No rating available","2 out of 5 stars","-","-1.1","25% (4/16)"
"327",12,"Austin Ekeler",FA,"RB108","-","Coach Upside rating–No rating available","Coach Bust rating–No rating available","-","-","-","-"
"328",12,"Cyrus Allen",KC,"WR132","5","Coach Upside rating–No rating available","Coach Bust rating–No rating available","2 out of 5 stars","-","-","-"
"329",12,"Phil Mafah",DAL,"RB109","14","Coach Upside rating–No rating available","Coach Bust rating–No rating available","4 out of 5 stars","-","-","-"
"330",12,"Kalif Raymond",CHI,"WR133","10","Coach Upside rating–No rating available","Coach Bust rating–No rating available","3 out of 5 stars","-","+0.9","50% (7/14)"
"331",12,"Dameon Pierce",PHI,"RB110","10","Coach Upside rating–No rating available","Coach Bust rating–No rating available","4 out of 5 stars","-","-0.9","25% (1/4)"
"332",12,"Tommy Tremble",CAR,"TE53","5","Coach Upside rating–No rating available","Coach Bust rating–No rating available","2 out of 5 stars","-","-0.3","31% (5/16)"
"333",12,"Ben Sinnott",WAS,"TE54","7","Coach Upside rating–No rating available","Coach Bust rating–No rating available","1 out of 5 stars","-","+0.1","40% (6/15)"
"334",12,"Deion Burks",IND,"WR134","13","Coach Upside rating–No rating available","Coach Bust rating–No rating available","4 out of 5 stars","-","-","-"
"335",12,"Mac Jones",SF,"QB37","8","Coach Upside rating–No rating available","Coach Bust rating–No rating available","1 out of 5 stars","-128","+0.7","26% (4/15)"
"336",12,"KaVontae Turpin",DAL,"WR135","14","Coach Upside rating–No rating available","Coach Bust rating–No rating available","2 out of 5 stars","-","+0.9","42% (6/14)"
"337",12,"Tutu Atwell",MIA,"WR136","6","Coach Upside rating–No rating available","Coach Bust rating–No rating available","3 out of 5 stars","-","-0.6","22% (2/9)"
"338",12,"Nick Westbrook-Ikhine",IND,"WR137","13","Coach Upside rating–No rating available","Coach Bust rating–No rating available","4 out of 5 stars","-","-2.9","0% (0/13)"
"339",12,"Jordan Whittington",LAR,"WR138","11","Coach Upside rating–No rating available","Coach Bust rating–No rating available","1 out of 5 stars","-","-1.2","18% (3/16)"
"340",12,"Savion Williams",GB,"WR139","11","Coach Upside rating–No rating available","Coach Bust rating–No rating available","5 out of 5 stars","-","-0.5","41% (5/12)"
"341",12,"John Bates",WAS,"TE55","7","Coach Upside rating–No rating available","Coach Bust rating–No rating available","1 out of 5 stars","-","-0.8","28% (4/14)"
"342",12,"Anthony Richardson Sr.",IND,"QB38","13","Coach Upside rating–No rating available","Coach Bust rating–No rating available","4 out of 5 stars","-131","-0.1","16% (1/6)"
"343",12,"Antonio Gibson",FA,"RB111","-","Coach Upside rating–No rating available","Coach Bust rating–No rating available","-","-","-","-"
"344",12,"Jonnu Smith",FA,"TE56","-","Coach Upside rating–No rating available","Coach Bust rating–No rating available","-","-","-1.0","25% (4/16)"
"345",12,"Terrell Jennings",NE,"RB112","11","Coach Upside rating–No rating available","Coach Bust rating–No rating available","2 out of 5 stars","-","-","-"
"346",12,"Kyle Juszczyk",SF,"RB113","8","Coach Upside rating–No rating available","Coach Bust rating–No rating available","2 out of 5 stars","-","-","-"
"347",12,"Jam Miller",NE,"RB114","11","Coach Upside rating–No rating available","Coach Bust rating–No rating available","2 out of 5 stars","-","-","-"
"348",12,"Kevin Coleman Jr.",MIA,"WR140","6","Coach Upside rating–No rating available","Coach Bust rating–No rating available","3 out of 5 stars","-","-","-"
"349",12,"Roschon Johnson",CHI,"RB115","10","Coach Upside rating–No rating available","Coach Bust rating–No rating available","2 out of 5 stars","-","-0.8","16% (1/6)"
"350",12,"Mitchell Evans",CAR,"TE57","5","Coach Upside rating–No rating available","Coach Bust rating–No rating available","2 out of 5 stars","-","+0.8","56% (9/16)"
"351",12,"Carson Beck",ARI,"QB39","14","Coach Upside rating–No rating available","Coach Bust rating–No rating available","2 out of 5 stars","-123","-","-"
"352",12,"Tommy Myers",FA,"TE58","-","Coach Upside rating–No rating available","Coach Bust rating–No rating available","-","-","-","-"
"353",12,"Zach Ertz",FA,"TE59","-","Coach Upside rating–No rating available","Coach Bust rating–No rating available","-","-","-","-"
"354",12,"Darren Waller",FA,"TE60","-","Coach Upside rating–No rating available","Coach Bust rating–No rating available","-","-","+1.4","33% (3/9)"
"355",12,"Ty Simpson",LAR,"QB40","11","Coach Upside rating–No rating available","Coach Bust rating–No rating available","3 out of 5 stars","-173","-","-"
"356",12,"Austin Hooper",ATL,"TE61","11","Coach Upside rating–No rating available","Coach Bust rating–No rating available","3 out of 5 stars","-","+0.2","46% (7/15)"
"357",12,"Devontez Walker",BAL,"WR141","13","Coach Upside rating–No rating available","Coach Bust rating–No rating available","4 out of 5 stars","-","-","-"
"358",12,"Rasheen Ali",BAL,"RB116","13","Coach Upside rating–No rating available","Coach Bust rating–No rating available","3 out of 5 stars","-","+0.5","35% (5/14)"
"359",12,"Justin Fields",KC,"QB41","5","Coach Upside rating–No rating available","Coach Bust rating–No rating available","2 out of 5 stars","-124","-","-"
"360",12,"Joe Milton III",DAL,"QB42","14","Coach Upside rating–No rating available","Coach Bust rating–No rating available","2 out of 5 stars","-83","-0.1","7% (1/14)"
"361",12,"Daniel Bellinger",TEN,"TE62","9","Coach Upside rating–No rating available","Coach Bust rating–No rating available","3 out of 5 stars","-","-","-"
"362",12,"Elijah Higgins",ARI,"TE63","14","Coach Upside rating–No rating available","Coach Bust rating–No rating available","2 out of 5 stars","-","+0.1","43% (7/16)"
"363",12,"Zavion Thomas",CHI,"WR142","10","Coach Upside rating–No rating available","Coach Bust rating–No rating available","3 out of 5 stars","-","-","-"
"364",12,"Greg Dortch",DET,"WR143","6","Coach Upside rating–No rating available","Coach Bust rating–No rating available","4 out of 5 stars","-","+1.4","50% (6/12)"
"365",12,"Dyami Brown",WAS,"WR144","7","Coach Upside rating–No rating available","Coach Bust rating–No rating available","2 out of 5 stars","-","-1.5","27% (3/11)"
"366",13,"Tyler Lockett",LV,"WR145","13","Coach Upside rating–No rating available","Coach Bust rating–No rating available","2 out of 5 stars","-","-0.5","37% (6/16)"
"367",13,"CJ Daniels",LAR,"WR146","11","Coach Upside rating–No rating available","Coach Bust rating–No rating available","1 out of 5 stars","-","-","-"
"368",13,"Miles Sanders",FA,"RB117","-","Coach Upside rating–No rating available","Coach Bust rating–No rating available","-","-","-","-"
"369",13,"Hunter Luepke",DAL,"RB118","14","Coach Upside rating–No rating available","Coach Bust rating–No rating available","4 out of 5 stars","-","-","-"
"370",13,"Dylan Laube",LV,"RB119","13","Coach Upside rating–No rating available","Coach Bust rating–No rating available","2 out of 5 stars","-","-","-"
"371",13,"Zavier Scott",MIN,"RB120","6","Coach Upside rating–No rating available","Coach Bust rating–No rating available","4 out of 5 stars","-","0.0","40% (6/15)"
"372",13,"Tyler Goodson",ATL,"RB121","11","Coach Upside rating–No rating available","Coach Bust rating–No rating available","2 out of 5 stars","-","-","-"
"373",13,"Marlin Klein",HOU,"TE64","8","Coach Upside rating–No rating available","Coach Bust rating–No rating available","4 out of 5 stars","-","-","-"
"374",13,"Mitch Tinsley",CIN,"WR147","6","Coach Upside rating–No rating available","Coach Bust rating–No rating available","4 out of 5 stars","-","-","-"
"375",13,"Ty Chandler",NO,"RB122","8","Coach Upside rating–No rating available","Coach Bust rating–No rating available","3 out of 5 stars","-","-","-"
"376",13,"Roman Hemby",LV,"RB123","13","Coach Upside rating–No rating available","Coach Bust rating–No rating available","2 out of 5 stars","-","-","-"
"377",13,"Josh Oliver",MIN,"TE65","6","Coach Upside rating–No rating available","Coach Bust rating–No rating available","4 out of 5 stars","-","+0.6","28% (4/14)"
"378",13,"Jaret Patterson",LAC,"RB124","7","Coach Upside rating–No rating available","Coach Bust rating–No rating available","3 out of 5 stars","-","+0.3","33% (2/6)"
"379",13,"Sione Vaki",DET,"RB125","6","Coach Upside rating–No rating available","Coach Bust rating–No rating available","5 out of 5 stars","-","-","-"
"380",13,"Mo Alie-Cox",IND,"TE66","13","Coach Upside rating–No rating available","Coach Bust rating–No rating available","3 out of 5 stars","-","-","-"
"381",13,"Cash Jones",ATL,"RB126","11","Coach Upside rating–No rating available","Coach Bust rating–No rating available","2 out of 5 stars","-","-","-"
"382",13,"Adam Trautman",DEN,"TE67","10","Coach Upside rating–No rating available","Coach Bust rating–No rating available","4 out of 5 stars","-","-0.4","37% (6/16)"
"383",13,"Ashton Dulin",IND,"WR148","13","Coach Upside rating–No rating available","Coach Bust rating–No rating available","4 out of 5 stars","-","-","-"
"384",13,"Jake Bobo",SEA,"WR149","11","Coach Upside rating–No rating available","Coach Bust rating–No rating available","3 out of 5 stars","-","-","-"
"385",13,"Myles Montgomery",NE,"RB127","11","Coach Upside rating–No rating available","Coach Bust rating–No rating available","2 out of 5 stars","-","-","-"
"386",13,"Jahdae Walker",CHI,"WR150","10","Coach Upside rating–No rating available","Coach Bust rating–No rating available","3 out of 5 stars","-","+4.9","100% (2/2)"
"387",13,"Damien Martinez",GB,"RB128","11","Coach Upside rating–No rating available","Coach Bust rating–No rating available","4 out of 5 stars","-","-","-"
"388",13,"Colbie Young",CIN,"WR151","6","Coach Upside rating–No rating available","Coach Bust rating–No rating available","4 out of 5 stars","-","-","-"
"389",13,"Malik Benson",LV,"WR152","13","Coach Upside rating–No rating available","Coach Bust rating–No rating available","2 out of 5 stars","-","-","-"
"390",13,"Demarcus Robinson",SF,"WR153","8","Coach Upside rating–No rating available","Coach Bust rating–No rating available","2 out of 5 stars","-","-0.6","38% (5/13)"
"391",13,"Roman Wilson",PIT,"WR154","9","Coach Upside rating–No rating available","Coach Bust rating–No rating available","3 out of 5 stars","-","-","-"
"392",13,"Charlie Kolar",LAC,"TE68","7","Coach Upside rating–No rating available","Coach Bust rating–No rating available","4 out of 5 stars","-","-","-"
"393",13,"Xavier Restrepo",TEN,"WR155","9","Coach Upside rating–No rating available","Coach Bust rating–No rating available","3 out of 5 stars","-","-","-"
"394",13,"Theo Wease Jr.",MIA,"WR156","6","Coach Upside rating–No rating available","Coach Bust rating–No rating available","3 out of 5 stars","-","+11.4","100% (1/1)"
"395",13,"Odell Beckham Jr.",NYG,"WR157","8","Coach Upside rating–No rating available","Coach Bust rating–No rating available","4 out of 5 stars","-","-","-"
"396",13,"Elijah Mitchell",PHI,"RB129","10","Coach Upside rating–No rating available","Coach Bust rating–No rating available","4 out of 5 stars","-","-","-"
"397",13,"Drew Sample",CIN,"TE69","6","Coach Upside rating–No rating available","Coach Bust rating–No rating available","3 out of 5 stars","-","-0.2","25% (4/16)"
"398",13,"Will Dissly",FA,"TE70","-","Coach Upside rating–No rating available","Coach Bust rating–No rating available","-","-","-0.7","25% (2/8)"
"399",13,"Jeremy McNichols",WAS,"RB130","7","Coach Upside rating–No rating available","Coach Bust rating–No rating available","4 out of 5 stars","-","-1.0","37% (6/16)"
"400",13,"Robert Henry Jr.",WAS,"RB131","7","Coach Upside rating–No rating available","Coach Bust rating–No rating available","4 out of 5 stars","-","-","-"
"401",13,"Tanner Hudson",CIN,"TE71","6","Coach Upside rating–No rating available","Coach Bust rating–No rating available","3 out of 5 stars","-","-","-"
"402",13,"Luke Schoonmaker",DAL,"TE72","14","Coach Upside rating–No rating available","Coach Bust rating–No rating available","2 out of 5 stars","-","-","-"
"403",13,"Khalil Herbert",FA,"RB132","-","Coach Upside rating–No rating available","Coach Bust rating–No rating available","-","-","-","-"
"404",13,"Ronnie Rivers",LAR,"RB133","11","Coach Upside rating–No rating available","Coach Bust rating–No rating available","5 out of 5 stars","-","-","-"
"405",13,"Brock Wright",DET,"TE73","6","Coach Upside rating–No rating available","Coach Bust rating–No rating available","3 out of 5 stars","-","0.0","27% (3/11)"
"406",13,"Donovan Edwards",MIA,"RB134","6","Coach Upside rating–No rating available","Coach Bust rating–No rating available","3 out of 5 stars","-","-","-"
"407",13,"Jaydn Ott",KC,"RB135","5","Coach Upside rating–No rating available","Coach Bust rating–No rating available","3 out of 5 stars","-","-","-"
"408",13,"Cade Stover",HOU,"TE74","8","Coach Upside rating–No rating available","Coach Bust rating–No rating available","4 out of 5 stars","-","-0.4","37% (3/8)"
"409",13,"Frank Gore Jr.",BUF,"RB136","7","Coach Upside rating–No rating available","Coach Bust rating–No rating available","2 out of 5 stars","-","-","-"
"410",13,"Jacob Saylors",DET,"RB137","6","Coach Upside rating–No rating available","Coach Bust rating–No rating available","5 out of 5 stars","-","-","-"
"411",13,"Derius Davis",LAC,"WR158","7","Coach Upside rating–No rating available","Coach Bust rating–No rating available","2 out of 5 stars","-","-","-"
"412",13,"Raheem Mostert",LV,"RB138","13","Coach Upside rating–No rating available","Coach Bust rating–No rating available","2 out of 5 stars","-","-1.2","16% (2/12)"
"413",13,"Elijah Tau-Tolliver",BAL,"RB139","13","Coach Upside rating–No rating available","Coach Bust rating–No rating available","3 out of 5 stars","-","-","-"
"414",13,"Xavier Smith",LAR,"WR159","11","Coach Upside rating–No rating available","Coach Bust rating–No rating available","1 out of 5 stars","-","+0.9","40% (4/10)"
"415",13,"Scotty Miller",CHI,"WR160","10","Coach Upside rating–No rating available","Coach Bust rating–No rating available","3 out of 5 stars","-","-","-"
"416",13,"Cam Akers",FA,"RB140","-","Coach Upside rating–No rating available","Coach Bust rating–No rating available","-","-","-","-"
"417",13,"Miles Davis",CAR,"RB141","5","Coach Upside rating–No rating available","Coach Bust rating–No rating available","1 out of 5 stars","-","-","-"
"418",13,"Riley Leonard",IND,"QB43","13","Coach Upside rating–No rating available","Coach Bust rating–No rating available","4 out of 5 stars","-143","-0.4","0% (0/3)"
"419",13,"Marcus Mariota",WAS,"QB44","7","Coach Upside rating–No rating available","Coach Bust rating–No rating available","2 out of 5 stars","-145","0.0","33% (5/15)"
"420",13,"Jake Browning",TB,"QB45","10","Coach Upside rating–No rating available","Coach Bust rating–No rating available","2 out of 5 stars","-","+0.9","27% (3/11)"
"421",13,"Reggie Gilliam",NE,"RB142","11","Coach Upside rating–No rating available","Coach Bust rating–No rating available","2 out of 5 stars","-","-","-"
"422",13,"Tim Patrick",NYJ,"WR161","13","Coach Upside rating–No rating available","Coach Bust rating–No rating available","4 out of 5 stars","-","+1.0","46% (6/13)"
"423",13,"DeAndre Hopkins",BAL,"WR162","13","Coach Upside rating–No rating available","Coach Bust rating–No rating available","4 out of 5 stars","-","-0.5","31% (5/16)"
"424",13,"Jakobie Keeney-James",FA,"WR163","-","Coach Upside rating–No rating available","Coach Bust rating–No rating available","-","-","-","-"
"425",13,"Lil'Jordan Humphrey",DEN,"WR164","10","Coach Upside rating–No rating available","Coach Bust rating–No rating available","2 out of 5 stars","-","-0.2","37% (3/8)"
"426",13,"Kevin Austin Jr.",NO,"WR165","8","Coach Upside rating–No rating available","Coach Bust rating–No rating available","3 out of 5 stars","-","+0.5","25% (1/4)"
"427",13,"Joe Flacco",CIN,"QB46","6","Coach Upside rating–No rating available","Coach Bust rating–No rating available","3 out of 5 stars","-","+0.9","33% (5/15)"
"428",13,"Jameis Winston",NYG,"QB47","8","Coach Upside rating–No rating available","Coach Bust rating–No rating available","4 out of 5 stars","-152","+3.1","20% (1/5)"
"429",13,"KeAndre Lambert-Smith",LAC,"WR166","7","Coach Upside rating–No rating available","Coach Bust rating–No rating available","2 out of 5 stars","-","-0.2","22% (2/9)"
"430",13,"Albert Okwuegbunam Jr.",LV,"TE75","13","Coach Upside rating–No rating available","Coach Bust rating–No rating available","3 out of 5 stars","-","-","-"
"431",13,"Taysom Hill",FA,"TE76","-","Coach Upside rating–No rating available","Coach Bust rating–No rating available","-","-","+0.4","50% (6/12)"
"432",13,"Kendric Pryor",CIN,"WR167","6","Coach Upside rating–No rating available","Coach Bust rating–No rating available","4 out of 5 stars","-","-","-"
"433",13,"Michael Woods II",DEN,"WR168","10","Coach Upside rating–No rating available","Coach Bust rating–No rating available","2 out of 5 stars","-","-","-"
"434",13,"Marquez Valdes-Scantling",DAL,"WR169","14","Coach Upside rating–No rating available","Coach Bust rating–No rating available","2 out of 5 stars","-","-1.4","22% (2/9)"
"435",13,"Michael Trigg",DAL,"TE77","14","Coach Upside rating–No rating available","Coach Bust rating–No rating available","2 out of 5 stars","-164","-","-"
"436",13,"David Sills V",TB,"WR170","10","Coach Upside rating–No rating available","Coach Bust rating–No rating available","4 out of 5 stars","-","-0.3","33% (4/12)"
"437",13,"Jackson Hawes",BUF,"TE78","7","Coach Upside rating–No rating available","Coach Bust rating–No rating available","3 out of 5 stars","-","+1.2","56% (9/16)"
"438",13,"Tyler Conklin",DET,"TE79","6","Coach Upside rating–No rating available","Coach Bust rating–No rating available","3 out of 5 stars","-","-1.4","23% (3/13)"
"439",13,"Moliki Matavao",NO,"TE80","8","Coach Upside rating–No rating available","Coach Bust rating–No rating available","2 out of 5 stars","-","-","-"
"440",13,"Nate Boerkircher",JAC,"TE81","7","Coach Upside rating–No rating available","Coach Bust rating–No rating available","3 out of 5 stars","-","-","-"
"441",13,"Durham Smythe",BAL,"TE82","13","Coach Upside rating–No rating available","Coach Bust rating–No rating available","4 out of 5 stars","-","-","-"
"442",13,"Matt Hibner",BAL,"TE83","13","Coach Upside rating–No rating available","Coach Bust rating–No rating available","4 out of 5 stars","-","-","-"
"443",13,"Alexander Mattison",FA,"RB143","-","Coach Upside rating–No rating available","Coach Bust rating–No rating available","-","-","-","-"
"444",13,"Will Kacmarek",MIA,"TE84","6","Coach Upside rating–No rating available","Coach Bust rating–No rating available","5 out of 5 stars","-","-","-"
"445",13,"Jeremy Ruckert",NYJ,"TE85","13","Coach Upside rating–No rating available","Coach Bust rating–No rating available","4 out of 5 stars","-","-0.1","43% (7/16)"
"446",14,"Nate Adkins",DEN,"TE86","10","Coach Upside rating–No rating available","Coach Bust rating–No rating available","4 out of 5 stars","-","-","-"
"447",14,"Irv Smith Jr.",FA,"TE87","-","Coach Upside rating–No rating available","Coach Bust rating–No rating available","-","-","-","-"
"448",14,"Harrison Bryant",FA,"TE88","-","Coach Upside rating–No rating available","Coach Bust rating–No rating available","-","-","-","-"
"449",14,"Will Mallory",IND,"TE89","13","Coach Upside rating–No rating available","Coach Bust rating–No rating available","3 out of 5 stars","-","-","-"
"450",14,"Sterling Shepard",FA,"WR171","-","Coach Upside rating–No rating available","Coach Bust rating–No rating available","-","-","-0.5","38% (5/13)"
"451",14,"Salvon Ahmed",CHI,"RB144","10","Coach Upside rating–No rating available","Coach Bust rating–No rating available","2 out of 5 stars","-","-","-"
"452",14,"Alec Ingold",LAC,"RB145","7","Coach Upside rating–No rating available","Coach Bust rating–No rating available","3 out of 5 stars","-","-","-"
"453",14,"Brittain Brown",CHI,"RB146","10","Coach Upside rating–No rating available","Coach Bust rating–No rating available","2 out of 5 stars","-","-","-"
"454",14,"Noah Whittington",HOU,"RB147","8","Coach Upside rating–No rating available","Coach Bust rating–No rating available","4 out of 5 stars","-","-","-"
"455",14,"Jordan Waters",LAR,"RB148","11","Coach Upside rating–No rating available","Coach Bust rating–No rating available","5 out of 5 stars","-","-","-"
"456",14,"Deon Jackson",FA,"RB149","-","Coach Upside rating–No rating available","Coach Bust rating–No rating available","-","-","-","-"
"457",14,"Zay Jones",FA,"WR172","-","Coach Upside rating–No rating available","Coach Bust rating–No rating available","-","-","-","-"
"458",14,"Jordan Akins",FA,"TE90","-","Coach Upside rating–No rating available","Coach Bust rating–No rating available","-","-","-","-"
"459",14,"Ameer Abdullah",JAC,"RB150","7","Coach Upside rating–No rating available","Coach Bust rating–No rating available","4 out of 5 stars","-","-","-"
"460",14,"Miles Kitselman",DET,"TE91","6","Coach Upside rating–No rating available","Coach Bust rating–No rating available","3 out of 5 stars","-","-","-"
"461",14,"Clyde Edwards-Helaire",FA,"RB151","-","Coach Upside rating–No rating available","Coach Bust rating–No rating available","-","-","-","-"
"462",14,"Elijah Moore",PHI,"WR173","10","Coach Upside rating–No rating available","Coach Bust rating–No rating available","4 out of 5 stars","-","-","-"
"463",14,"Patrick Ricard",NYG,"RB152","8","Coach Upside rating–No rating available","Coach Bust rating–No rating available","4 out of 5 stars","-","-","-"
"464",14,"AJ Dillon",CAR,"RB153","5","Coach Upside rating–No rating available","Coach Bust rating–No rating available","1 out of 5 stars","-","-0.3","28% (2/7)"
"465",14,"Sincere McCormick",SF,"RB154","8","Coach Upside rating–No rating available","Coach Bust rating–No rating available","2 out of 5 stars","-","-","-"
"466",14,"Adam Prentice",DEN,"RB155","10","Coach Upside rating–No rating available","Coach Bust rating–No rating available","2 out of 5 stars","-","-","-"
"467",14,"Kalel Mullings",TEN,"RB156","9","Coach Upside rating–No rating available","Coach Bust rating–No rating available","3 out of 5 stars","-","-0.4","12% (1/8)"
"468",14,"Khalil Dinkins",FA,"TE92","-","Coach Upside rating–No rating available","Coach Bust rating–No rating available","-","-","-","-"
"469",14,"Elijah Dotson",FA,"RB157","-","Coach Upside rating–No rating available","Coach Bust rating–No rating available","-","-","-","-"
"470",14,"Jamari Thrash",CLE,"WR174","11","Coach Upside rating–No rating available","Coach Bust rating–No rating available","3 out of 5 stars","-","-","-"
"471",14,"Brandin Cooks",FA,"WR175","-","Coach Upside rating–No rating available","Coach Bust rating–No rating available","-","-","-1.2","20% (3/15)"
"472",14,"Max Bredeson",MIN,"RB158","6","Coach Upside rating–No rating available","Coach Bust rating–No rating available","4 out of 5 stars","-","-","-"
"473",14,"Evan Hull",HOU,"RB159","8","Coach Upside rating–No rating available","Coach Bust rating–No rating available","4 out of 5 stars","-","-2.4","0% (0/5)"
"474",14,"Jacardia Wright",SEA,"RB160","11","Coach Upside rating–No rating available","Coach Bust rating–No rating available","4 out of 5 stars","-","-","-"
"475",14,"British Brooks",HOU,"RB161","8","Coach Upside rating–No rating available","Coach Bust rating–No rating available","4 out of 5 stars","-","-","-"
"476",14,"Tai Felton",MIN,"WR176","6","Coach Upside rating–No rating available","Coach Bust rating–No rating available","5 out of 5 stars","-","-","-"
"477",14,"Zamir White",LV,"RB162","13","Coach Upside rating–No rating available","Coach Bust rating–No rating available","2 out of 5 stars","-","-1.2","0% (0/5)"
"478",14,"Van Jefferson",WAS,"WR177","7","Coach Upside rating–No rating available","Coach Bust rating–No rating available","2 out of 5 stars","-","-0.1","37% (6/16)"
"479",14,"Myles Gaskin",FA,"RB163","-","Coach Upside rating–No rating available","Coach Bust rating–No rating available","-","-","-","-"
"480",14,"Dean Connors",LAR,"RB164","11","Coach Upside rating–No rating available","Coach Bust rating–No rating available","5 out of 5 stars","-","-","-"
"481",14,"Josh Reynolds",FA,"WR178","-","Coach Upside rating–No rating available","Coach Bust rating–No rating available","-","-","-1.0","40% (2/5)"
"482",14,"Desmond Reid",FA,"RB165","-","Coach Upside rating–No rating available","Coach Bust rating–No rating available","-","-","-","-"
"483",14,"Jimmy Horn Jr.",CAR,"WR179","5","Coach Upside rating–No rating available","Coach Bust rating–No rating available","2 out of 5 stars","-","-","-"
"484",14,"Myles Price",MIN,"WR180","6","Coach Upside rating–No rating available","Coach Bust rating–No rating available","5 out of 5 stars","-","-","-"
"485",14,"Isaiah Williams",FA,"WR181","-","Coach Upside rating–No rating available","Coach Bust rating–No rating available","-","-","-","-"
"486",14,"Russell Gage Jr.",FA,"WR182","-","Coach Upside rating–No rating available","Coach Bust rating–No rating available","-","-","-","-"
"487",14,"Devonte Boyd",FA,"WR183","-","Coach Upside rating–No rating available","Coach Bust rating–No rating available","-","-","-","-"
"488",14,"Chip Trayanum",NYJ,"RB166","13","Coach Upside rating–No rating available","Coach Bust rating–No rating available","3 out of 5 stars","-","-","-"
"489",14,"Michael Burton",CLE,"RB167","11","Coach Upside rating–No rating available","Coach Bust rating–No rating available","3 out of 5 stars","-","-","-"
"490",14,"Mecole Hardman Jr.",BUF,"WR184","7","Coach Upside rating–No rating available","Coach Bust rating–No rating available","4 out of 5 stars","-","-","-"
"491",14,"Xavier Weaver",ARI,"WR185","14","Coach Upside rating–No rating available","Coach Bust rating–No rating available","2 out of 5 stars","-","-1.0","25% (1/4)"
"492",14,"Corey Kiner",ARI,"RB168","14","Coach Upside rating–No rating available","Coach Bust rating–No rating available","2 out of 5 stars","-","-0.9","50% (2/4)"
"493",14,"Montorie Foster Jr.",SEA,"WR186","11","Coach Upside rating–No rating available","Coach Bust rating–No rating available","3 out of 5 stars","-","-","-"
"494",14,"Anthony Gould",IND,"WR187","13","Coach Upside rating–No rating available","Coach Bust rating–No rating available","4 out of 5 stars","-","-","-"
"495",14,"Diontae Johnson",FA,"WR188","-","Coach Upside rating–No rating available","Coach Bust rating–No rating available","-","-","-","-"
"496",14,"Jacob Cowing",SF,"WR189","8","Coach Upside rating–No rating available","Coach Bust rating–No rating available","2 out of 5 stars","-","-","-"
"497",14,"Ronnie Bell",NO,"WR190","8","Coach Upside rating–No rating available","Coach Bust rating–No rating available","3 out of 5 stars","-","-","-"
"498",14,"Michael Bandy",DEN,"WR191","10","Coach Upside rating–No rating available","Coach Bust rating–No rating available","2 out of 5 stars","-","-","-"
"499",14,"Quez Watkins",PHI,"WR192","10","Coach Upside rating–No rating available","Coach Bust rating–No rating available","4 out of 5 stars","-","-","-"
"500",14,"Reggie Virgil",ARI,"WR193","14","Coach Upside rating–No rating available","Coach Bust rating–No rating available","2 out of 5 stars","-","-","-"
"501",14,"Dontae McMillan",BAL,"RB169","13","Coach Upside rating–No rating available","Coach Bust rating–No rating available","3 out of 5 stars","-","-","-"
"502",14,"Ja'Quinden Jackson",FA,"RB170","-","Coach Upside rating–No rating available","Coach Bust rating–No rating available","-","-","-","-"
"503",14,"Michael Briscoe",MIN,"WR194","6","Coach Upside rating–No rating available","Coach Bust rating–No rating available","5 out of 5 stars","-","-","-"
"504",14,"Royce Freeman",FA,"RB171","-","Coach Upside rating–No rating available","Coach Bust rating–No rating available","-","-","-","-"
"505",14,"Braxton Berrios",NYG,"WR195","8","Coach Upside rating–No rating available","Coach Bust rating–No rating available","4 out of 5 stars","-","-","-"
"506",14,"Kadarius Toney",FA,"WR196","-","Coach Upside rating–No rating available","Coach Bust rating–No rating available","-","-","-","-"
"507",14,"Patrick Taylor Jr.",SF,"RB172","8","Coach Upside rating–No rating available","Coach Bust rating–No rating available","2 out of 5 stars","-","-","-"
"508",14,"Cedrick Wilson Jr.",DET,"WR197","6","Coach Upside rating–No rating available","Coach Bust rating–No rating available","4 out of 5 stars","-","-","-"
"509",14,"Skyy Moore",GB,"WR198","11","Coach Upside rating–No rating available","Coach Bust rating–No rating available","5 out of 5 stars","-","-","-"
"510",14,"Joshua Pitsenberger",HOU,"RB173","8","Coach Upside rating–No rating available","Coach Bust rating–No rating available","4 out of 5 stars","-","-","-"
"511",14,"Gardner Minshew II",ARI,"QB48","14","Coach Upside rating–No rating available","Coach Bust rating–No rating available","2 out of 5 stars","-","-","-"
"512",14,"Efton Chism III",NE,"WR199","11","Coach Upside rating–No rating available","Coach Bust rating–No rating available","2 out of 5 stars","-","-","-"
"513",14,"Jermar Jefferson",FA,"RB174","-","Coach Upside rating–No rating available","Coach Bust rating–No rating available","-","-","-","-"
"514",14,"Quinn Ewers",MIA,"QB49","6","Coach Upside rating–No rating available","Coach Bust rating–No rating available","3 out of 5 stars","-242","-2.6","50% (1/2)"
"515",14,"Velus Jones Jr.",SEA,"WR200","11","Coach Upside rating–No rating available","Coach Bust rating–No rating available","3 out of 5 stars","-","-","-"
"516",14,"Trey Lance",LAC,"QB50","7","Coach Upside rating–No rating available","Coach Bust rating–No rating available","2 out of 5 stars","-","+0.1","21% (3/14)"
"517",14,"Curtis Samuel",FA,"WR201","-","Coach Upside rating–No rating available","Coach Bust rating–No rating available","-","-","-0.1","20% (1/5)"
"518",14,"J. Michael Sturdivant",GB,"WR202","11","Coach Upside rating–No rating available","Coach Bust rating–No rating available","5 out of 5 stars","-","-","-"
"519",14,"Michael Wortham",JAC,"WR203","7","Coach Upside rating–No rating available","Coach Bust rating–No rating available","4 out of 5 stars","-","-","-"
"520",14,"Cade Klubnik",NYJ,"QB51","13","Coach Upside rating–No rating available","Coach Bust rating–No rating available","4 out of 5 stars","-247","-","-"
"521",14,"Sam Roush",CHI,"TE93","10","Coach Upside rating–No rating available","Coach Bust rating–No rating available","2 out of 5 stars","-","-","-"
"522",14,"Will Howard",PIT,"QB52","9","Coach Upside rating–No rating available","Coach Bust rating–No rating available","2 out of 5 stars","-260","-","-"
"523",14,"Arian Smith",NYJ,"WR204","13","Coach Upside rating–No rating available","Coach Bust rating–No rating available","4 out of 5 stars","-","-1.9","7% (1/14)"
"524",14,"Spencer Rattler",NO,"QB53","8","Coach Upside rating–No rating available","Coach Bust rating–No rating available","3 out of 5 stars","-","-0.9","20% (3/15)"
"525",14,"Joshua Cephus",FA,"WR205","-","Coach Upside rating–No rating available","Coach Bust rating–No rating available","-","-","-","-"
"526",14,"Deontay Burnett",FA,"WR206","-","Coach Upside rating–No rating available","Coach Bust rating–No rating available","-","-","-","-"
"527",14,"Noah Brown",FA,"WR207","-","Coach Upside rating–No rating available","Coach Bust rating–No rating available","-","-","-","-"
"528",14,"Jermaine Burton",FA,"WR208","-","Coach Upside rating–No rating available","Coach Bust rating–No rating available","-","-","-","-"
"529",14,"Jaheim Bell",PIT,"TE94","9","Coach Upside rating–No rating available","Coach Bust rating–No rating available","2 out of 5 stars","-","-","-"
"530",14,"Dominic Lovett",DET,"WR209","6","Coach Upside rating–No rating available","Coach Bust rating–No rating available","4 out of 5 stars","-","-","-"
"531",14,"Davis Allen",LAR,"TE95","11","Coach Upside rating–No rating available","Coach Bust rating–No rating available","4 out of 5 stars","-","+0.2","37% (6/16)"
"532",14,"Tanner Koziol",JAC,"TE96","7","Coach Upside rating–No rating available","Coach Bust rating–No rating available","3 out of 5 stars","-","-","-"
"533",14,"Jack Endries",CIN,"TE97","6","Coach Upside rating–No rating available","Coach Bust rating–No rating available","3 out of 5 stars","-","-","-"
"534",14,"Stone Smartt",PHI,"TE98","10","Coach Upside rating–No rating available","Coach Bust rating–No rating available","4 out of 5 stars","-","0.0","7% (1/13)"
"535",14,"Dohnte Meyers",CIN,"WR210","6","Coach Upside rating–No rating available","Coach Bust rating–No rating available","4 out of 5 stars","-","-","-"
"536",14,"Julian Hill",NE,"TE99","11","Coach Upside rating–No rating available","Coach Bust rating–No rating available","4 out of 5 stars","-","-","-"
"537",14,"Seydou Traore",MIA,"TE100","6","Coach Upside rating–No rating available","Coach Bust rating–No rating available","5 out of 5 stars","-","-","-"
"538",14,"Joe Royer",CLE,"TE101","11","Coach Upside rating–No rating available","Coach Bust rating–No rating available","3 out of 5 stars","-","-","-"
"539",14,"Brevin Jordan",HOU,"TE102","8","Coach Upside rating–No rating available","Coach Bust rating–No rating available","4 out of 5 stars","-","-","-"
"540",14,"Tahj Washington",MIA,"WR211","6","Coach Upside rating–No rating available","Coach Bust rating–No rating available","3 out of 5 stars","-","-","-"
"541",15,"Foster Moreau",HOU,"TE103","8","Coach Upside rating–No rating available","Coach Bust rating–No rating available","4 out of 5 stars","-","-1.5","18% (2/11)"
"542",15,"Ainias Smith",CAR,"WR212","5","Coach Upside rating–No rating available","Coach Bust rating–No rating available","2 out of 5 stars","-","-","-"
"543",15,"Joel Wilson",TEN,"TE104","9","Coach Upside rating–No rating available","Coach Bust rating–No rating available","3 out of 5 stars","-","-","-"
"544",15,"Bub Means",NO,"WR213","8","Coach Upside rating–No rating available","Coach Bust rating–No rating available","3 out of 5 stars","-","-","-"
"545",15,"Tyrod Taylor",GB,"QB54","11","Coach Upside rating–No rating available","Coach Bust rating–No rating available","4 out of 5 stars","-","-0.3","30% (4/13)"
"546",15,"Nick Boyle",FA,"TE105","-","Coach Upside rating–No rating available","Coach Bust rating–No rating available","-","-","-","-"
"547",15,"John Michael Gyllenborg",KC,"TE106","5","Coach Upside rating–No rating available","Coach Bust rating–No rating available","4 out of 5 stars","-","-","-"
"548",15,"Josh Cuevas",BAL,"TE107","13","Coach Upside rating–No rating available","Coach Bust rating–No rating available","4 out of 5 stars","-","-","-"
"549",15,"Chris Myarick",FA,"TE108","-","Coach Upside rating–No rating available","Coach Bust rating–No rating available","-","-","-","-"
"550",15,"Noah Togiai",FA,"TE109","-","Coach Upside rating–No rating available","Coach Bust rating–No rating available","-","-","-","-"
"551",15,"Bauer Sharp",TB,"TE110","10","Coach Upside rating–No rating available","Coach Bust rating–No rating available","2 out of 5 stars","-","-","-"
"552",15,"Marcedes Lewis",FA,"TE111","-","Coach Upside rating–No rating available","Coach Bust rating–No rating available","-","-","-","-"
"553",15,"Jalen Reagor",MIA,"WR214","6","Coach Upside rating–No rating available","Coach Bust rating–No rating available","3 out of 5 stars","-","-","-"
"554",15,"Chris Blair",ATL,"WR215","11","Coach Upside rating–No rating available","Coach Bust rating–No rating available","3 out of 5 stars","-","-","-"
"555",15,"Tyson Bagent",CHI,"QB55","10","Coach Upside rating–No rating available","Coach Bust rating–No rating available","3 out of 5 stars","-277","-0.2","15% (2/13)"
"556",15,"Davis Mills",HOU,"QB56","8","Coach Upside rating–No rating available","Coach Bust rating–No rating available","4 out of 5 stars","-","+1.3","28% (4/14)"
"557",15,"Kenny Pickett",CAR,"QB57","5","Coach Upside rating–No rating available","Coach Bust rating–No rating available","2 out of 5 stars","-","-0.5","7% (1/14)"
"558",15,"Charlie Woerner",ATL,"TE112","11","Coach Upside rating–No rating available","Coach Bust rating–No rating available","3 out of 5 stars","-","-","-"
"559",15,"Kyle Allen",BUF,"QB58","7","Coach Upside rating–No rating available","Coach Bust rating–No rating available","3 out of 5 stars","-","-0.2","0% (0/14)"
"560",15,"Luke Farrell",SF,"TE113","8","Coach Upside rating–No rating available","Coach Bust rating–No rating available","3 out of 5 stars","-","-","-"
"561",15,"Jared Wiley",KC,"TE114","5","Coach Upside rating–No rating available","Coach Bust rating–No rating available","4 out of 5 stars","-","-0.3","0% (0/3)"
"562",15,"Josh Whyle",GB,"TE115","11","Coach Upside rating–No rating available","Coach Bust rating–No rating available","2 out of 5 stars","-","-","-"
"563",15,"Tip Reiman",ARI,"TE116","14","Coach Upside rating–No rating available","Coach Bust rating–No rating available","2 out of 5 stars","-","-","-"
"564",15,"Brevyn Spann-Ford",DAL,"TE117","14","Coach Upside rating–No rating available","Coach Bust rating–No rating available","2 out of 5 stars","-","-","-"
"565",15,"Ben Sims",MIA,"TE118","6","Coach Upside rating–No rating available","Coach Bust rating–No rating available","5 out of 5 stars","-","-","-"
"566",15,"Carsen Ryan",CLE,"TE119","11","Coach Upside rating–No rating available","Coach Bust rating–No rating available","3 out of 5 stars","-","-","-"
"567",15,"Andrew Beck",NYJ,"TE120","13","Coach Upside rating–No rating available","Coach Bust rating–No rating available","4 out of 5 stars","-","-","-"
"568",15,"Thomas Fidone II",NYG,"TE121","8","Coach Upside rating–No rating available","Coach Bust rating–No rating available","3 out of 5 stars","-","-","-"
"569",15,"Payne Durham",TB,"TE122","10","Coach Upside rating–No rating available","Coach Bust rating–No rating available","2 out of 5 stars","-","-","-"
"570",15,"Connor Heyward",LV,"TE123","13","Coach Upside rating–No rating available","Coach Bust rating–No rating available","3 out of 5 stars","-","-","-"
"571",15,"Eric Saubert",SEA,"TE124","11","Coach Upside rating–No rating available","Coach Bust rating–No rating available","3 out of 5 stars","-","-","-"
"572",15,"Pierre Strong Jr.",GB,"RB175","11","Coach Upside rating–No rating available","Coach Bust rating–No rating available","4 out of 5 stars","-","-","-"
"573",15,"Kenny McIntosh",FA,"RB176","-","Coach Upside rating–No rating available","Coach Bust rating–No rating available","-","-","-","-"
"574",15,"Devin Culp",TB,"TE125","10","Coach Upside rating–No rating available","Coach Bust rating–No rating available","2 out of 5 stars","-","-","-"
"575",15,"Tanner Conner",NYG,"TE126","8","Coach Upside rating–No rating available","Coach Bust rating–No rating available","3 out of 5 stars","-","-","-"
"576",15,"Jack Stoll",CLE,"TE127","11","Coach Upside rating–No rating available","Coach Bust rating–No rating available","3 out of 5 stars","-","-","-"
"577",15,"Johnny Mundt",PHI,"TE128","10","Coach Upside rating–No rating available","Coach Bust rating–No rating available","4 out of 5 stars","-","-","-"
"578",15,"Drew Ogletree",IND,"TE129","13","Coach Upside rating–No rating available","Coach Bust rating–No rating available","3 out of 5 stars","-","-","-"
"579",15,"Anthony Firkser",DET,"TE130","6","Coach Upside rating–No rating available","Coach Bust rating–No rating available","3 out of 5 stars","-","-0.7","16% (1/6)"
"580",15,"Tyler Badie",DEN,"RB177","10","Coach Upside rating–No rating available","Coach Bust rating–No rating available","2 out of 5 stars","-","-0.6","40% (6/15)"
"581",15,"Kylen Granson",TEN,"TE131","9","Coach Upside rating–No rating available","Coach Bust rating–No rating available","3 out of 5 stars","-","-","-"
"582",15,"Gavin Bartholomew",MIN,"TE132","6","Coach Upside rating–No rating available","Coach Bust rating–No rating available","4 out of 5 stars","-","-","-"
"583",15,"Grant Calcaterra",PHI,"TE133","10","Coach Upside rating–No rating available","Coach Bust rating–No rating available","4 out of 5 stars","-","-0.9","28% (4/14)"
"584",15,"Chris Manhertz",NYG,"TE134","8","Coach Upside rating–No rating available","Coach Bust rating–No rating available","3 out of 5 stars","-","-","-"
"585",15,"Lucas Krull",DEN,"TE135","10","Coach Upside rating–No rating available","Coach Bust rating–No rating available","4 out of 5 stars","-","-","-"
"586",15,"Kaden Wetjen",PIT,"WR216","9","Coach Upside rating–No rating available","Coach Bust rating–No rating available","3 out of 5 stars","-","-","-"
"587",15,"Teagan Quitoriano",ARI,"TE136","14","Coach Upside rating–No rating available","Coach Bust rating–No rating available","2 out of 5 stars","-","-","-"
"588",15,"Dante Miller",NYG,"RB178","8","Coach Upside rating–No rating available","Coach Bust rating–No rating available","4 out of 5 stars","-","-","-"
"589",15,"Trey Sermon",FA,"RB179","-","Coach Upside rating–No rating available","Coach Bust rating–No rating available","-","-","-","-"
"590",15,"Ben Yurosek",MIN,"TE137","6","Coach Upside rating–No rating available","Coach Bust rating–No rating available","4 out of 5 stars","-","-","-"
"591",15,"Lew Nichols III",PIT,"RB180","9","Coach Upside rating–No rating available","Coach Bust rating–No rating available","2 out of 5 stars","-","-","-"
"592",15,"Blake Whiteheart",CLE,"TE138","11","Coach Upside rating–No rating available","Coach Bust rating–No rating available","3 out of 5 stars","-","-","-"
"593",15,"Cole Turner",MIA,"TE139","6","Coach Upside rating–No rating available","Coach Bust rating–No rating available","5 out of 5 stars","-","-","-"
"594",15,"James Mitchell",CAR,"TE140","5","Coach Upside rating–No rating available","Coach Bust rating–No rating available","2 out of 5 stars","-","-","-"
"595",15,"Ian Thomas",LV,"TE141","13","Coach Upside rating–No rating available","Coach Bust rating–No rating available","3 out of 5 stars","-","-","-"
"596",15,"Terion Stewart",KC,"RB181","5","Coach Upside rating–No rating available","Coach Bust rating–No rating available","3 out of 5 stars","-","-","-"
"597",15,"Josh Cameron",JAC,"WR217","7","Coach Upside rating–No rating available","Coach Bust rating–No rating available","4 out of 5 stars","-","-","-"
"598",15,"Brayden Willis",SF,"TE142","8","Coach Upside rating–No rating available","Coach Bust rating–No rating available","3 out of 5 stars","-","-","-"
"599",15,"Hunter Long",JAC,"TE143","7","Coach Upside rating–No rating available","Coach Bust rating–No rating available","3 out of 5 stars","-","+0.6","33% (3/9)"
"600",15,"Ko Kieft",TB,"TE144","10","Coach Upside rating–No rating available","Coach Bust rating–No rating available","2 out of 5 stars","-","-","-"
"601",15,"Jake Briningstool",KC,"TE145","5","Coach Upside rating–No rating available","Coach Bust rating–No rating available","4 out of 5 stars","-","-","-"
"602",15,"CJ Dippre",NE,"TE146","11","Coach Upside rating–No rating available","Coach Bust rating–No rating available","4 out of 5 stars","-","-","-"
"603",15,"Sean McKeon",IND,"TE147","13","Coach Upside rating–No rating available","Coach Bust rating–No rating available","3 out of 5 stars","-","-","-"
"604",15,"Julius Chestnut",TEN,"RB182","9","Coach Upside rating–No rating available","Coach Bust rating–No rating available","3 out of 5 stars","-","-0.6","18% (3/16)"
"605",15,"Kendrick Law",DET,"WR218","6","Coach Upside rating–No rating available","Coach Bust rating–No rating available","4 out of 5 stars","-","-","-"
"606",15,"Quintin Morris",JAC,"TE148","7","Coach Upside rating–No rating available","Coach Bust rating–No rating available","3 out of 5 stars","-","-","-"
"607",15,"Montrell Johnson Jr.",FA,"RB183","-","Coach Upside rating–No rating available","Coach Bust rating–No rating available","-","-","-","-"
"608",15,"Craig Reynolds",FA,"RB184","-","Coach Upside rating–No rating available","Coach Bust rating–No rating available","-","-","-","-"
"609",15,"Jelani Woods",NYJ,"TE149","13","Coach Upside rating–No rating available","Coach Bust rating–No rating available","4 out of 5 stars","-","-","-"
"610",15,"DeeJay Dallas",JAC,"RB185","7","Coach Upside rating–No rating available","Coach Bust rating–No rating available","4 out of 5 stars","-","-","-"
"611",15,"Taylen Green",CLE,"QB59","11","Coach Upside rating–No rating available","Coach Bust rating–No rating available","4 out of 5 stars","-","-","-"
"612",15,"Kenny Yeboah",ARI,"TE150","14","Coach Upside rating–No rating available","Coach Bust rating–No rating available","2 out of 5 stars","-","-","-"
"613",15,"Carson Steele",PHI,"RB186","10","Coach Upside rating–No rating available","Coach Bust rating–No rating available","4 out of 5 stars","-","-","-"
"614",15,"Carson Wentz",MIN,"QB60","6","Coach Upside rating–No rating available","Coach Bust rating–No rating available","5 out of 5 stars","-","-","-"
"615",15,"Jase McClellan",FA,"RB187","-","Coach Upside rating–No rating available","Coach Bust rating–No rating available","-","-","-","-"
"616",15,"JuJu Smith-Schuster",NYG,"WR219","8","Coach Upside rating–No rating available","Coach Bust rating–No rating available","4 out of 5 stars","-","-0.8","37% (6/16)"
"617",15,"Brady Cook",NYJ,"QB61","13","Coach Upside rating–No rating available","Coach Bust rating–No rating available","4 out of 5 stars","-","-1.5","50% (2/4)"
"618",15,"Will Levis",TEN,"QB62","9","Coach Upside rating–No rating available","Coach Bust rating–No rating available","3 out of 5 stars","-","-","-"
"619",15,"Luke Lachey",GB,"TE151","11","Coach Upside rating–No rating available","Coach Bust rating–No rating available","2 out of 5 stars","-","-","-"
"620",15,"Sam Howell",DAL,"QB63","14","Coach Upside rating–No rating available","Coach Bust rating–No rating available","2 out of 5 stars","-","-0.5","0% (0/1)"
"621",15,"Travis Homer",PIT,"RB188","9","Coach Upside rating–No rating available","Coach Bust rating–No rating available","2 out of 5 stars","-","-","-"
"622",15,"Jordan Watkins",SF,"WR220","8","Coach Upside rating–No rating available","Coach Bust rating–No rating available","2 out of 5 stars","-","-","-"
"623",15,"Darrynton Evans",FA,"RB189","-","Coach Upside rating–No rating available","Coach Bust rating–No rating available","-","-","-","-"
"624",15,"Avery Williams",FA,"RB190","-","Coach Upside rating–No rating available","Coach Bust rating–No rating available","-","-","-","-"
"625",15,"Emmanuel Henderson Jr.",SEA,"WR221","11","Coach Upside rating–No rating available","Coach Bust rating–No rating available","3 out of 5 stars","-","-","-"
"626",15,"Chase Edmonds",WAS,"RB191","7","Coach Upside rating–No rating available","Coach Bust rating–No rating available","4 out of 5 stars","-","-","-"
"627",15,"Kye Robichaux",DET,"RB192","6","Coach Upside rating–No rating available","Coach Bust rating–No rating available","5 out of 5 stars","-","-","-"
"628",15,"D'Ernest Johnson",FA,"RB193","-","Coach Upside rating–No rating available","Coach Bust rating–No rating available","-","-","-1.1","0% (0/3)"
"629",15,"Ja'Lynn Polk",NO,"WR222","8","Coach Upside rating–No rating available","Coach Bust rating–No rating available","3 out of 5 stars","-","-","-"
"630",15,"Eric Gray",NYG,"RB194","8","Coach Upside rating–No rating available","Coach Bust rating–No rating available","4 out of 5 stars","-","-","-"
"631",15,"Kendall Milton",CIN,"RB195","6","Coach Upside rating–No rating available","Coach Bust rating–No rating available","2 out of 5 stars","-","-","-"
"632",15,"Barion Brown",NO,"WR223","8","Coach Upside rating–No rating available","Coach Bust rating–No rating available","3 out of 5 stars","-","-","-"
"633",15,"Graig Cooper",FA,"RB196","-","Coach Upside rating–No rating available","Coach Bust rating–No rating available","-","-","-","-"
"634",15,"Hunter Renfrow",FA,"WR224","-","Coach Upside rating–No rating available","Coach Bust rating–No rating available","-","-","-0.4","16% (1/6)"
"635",15,"Carlos Washington Jr.",MIA,"RB197","6","Coach Upside rating–No rating available","Coach Bust rating–No rating available","3 out of 5 stars","-","-","-"
"636",15,"Josh Williams",TB,"RB198","10","Coach Upside rating–No rating available","Coach Bust rating–No rating available","2 out of 5 stars","-","-","-"
"637",15,"Blake Watson",FA,"RB199","-","Coach Upside rating–No rating available","Coach Bust rating–No rating available","-","-","-","-"
"638",15,"Tyler Johnson",DAL,"WR225","14","Coach Upside rating–No rating available","Coach Bust rating–No rating available","2 out of 5 stars","-","-0.6","25% (3/12)"
"639",15,"Jalen Brooks",ARI,"WR226","14","Coach Upside rating–No rating available","Coach Bust rating–No rating available","2 out of 5 stars","-","-","-"
"640",16,"Jabari Small",DET,"RB200","6","Coach Upside rating–No rating available","Coach Bust rating–No rating available","5 out of 5 stars","-","-","-"
"641",16,"David Moore",CAR,"WR227","5","Coach Upside rating–No rating available","Coach Bust rating–No rating available","2 out of 5 stars","-","-","-"
"642",16,"Riley Nowakowski",PIT,"TE152","9","Coach Upside rating–No rating available","Coach Bust rating–No rating available","2 out of 5 stars","-","-","-"
"643",16,"Nathan Carter",ATL,"RB201","11","Coach Upside rating–No rating available","Coach Bust rating–No rating available","2 out of 5 stars","-","-","-"
"644",16,"Jeff Wilson Jr.",FA,"RB202","-","Coach Upside rating–No rating available","Coach Bust rating–No rating available","-","-","-","-"
"645",16,"Ray-Ray McCloud III",FA,"WR228","-","Coach Upside rating–No rating available","Coach Bust rating–No rating available","-","-","-","-"
"646",16,"EJ Smith",KC,"RB203","5","Coach Upside rating–No rating available","Coach Bust rating–No rating available","3 out of 5 stars","-","-","-"
"647",16,"Anthony McFarland Jr.",FA,"RB204","-","Coach Upside rating–No rating available","Coach Bust rating–No rating available","-","-","-","-"
"648",16,"Anthony Smith",DAL,"WR229","14","Coach Upside rating–No rating available","Coach Bust rating–No rating available","2 out of 5 stars","-","-","-"
"649",16,"Omarius Hines",FA,"WR230","-","Coach Upside rating–No rating available","Coach Bust rating–No rating available","-","-","-","-"
"650",16,"Ricky White III",SEA,"WR231","11","Coach Upside rating–No rating available","Coach Bust rating–No rating available","3 out of 5 stars","-","-","-"
"651",16,"Trayveon Williams",FA,"RB205","-","Coach Upside rating–No rating available","Coach Bust rating–No rating available","-","-","-0.5","40% (2/5)"
"652",16,"Jonathan Williams",FA,"RB206","-","Coach Upside rating–No rating available","Coach Bust rating–No rating available","-","-","-","-"
"653",16,"Jonathan Ward",FA,"RB207","-","Coach Upside rating–No rating available","Coach Bust rating–No rating available","-","-","-","-"
"654",16,"Nick Bawden",FA,"RB208","-","Coach Upside rating–No rating available","Coach Bust rating–No rating available","-","-","-","-"
"655",16,"Lewis Bond",HOU,"WR232","8","Coach Upside rating–No rating available","Coach Bust rating–No rating available","3 out of 5 stars","-","-","-"
"656",16,"Wendell Smallwood",FA,"RB209","-","Coach Upside rating–No rating available","Coach Bust rating–No rating available","-","-","-","-"
"657",16,"Amar Johnson",LAC,"RB210","7","Coach Upside rating–No rating available","Coach Bust rating–No rating available","3 out of 5 stars","-","-","-"
"658",16,"Dare Ogunbowale",FA,"RB211","-","Coach Upside rating–No rating available","Coach Bust rating–No rating available","-","-","-0.3","25% (4/16)"
"659",16,"Gus Edwards",FA,"RB212","-","Coach Upside rating–No rating available","Coach Bust rating–No rating available","-","-","-","-"
"660",16,"Logan Thomas",FA,"TE153","-","Coach Upside rating–No rating available","Coach Bust rating–No rating available","-","-","-","-"
"661",16,"Ulysses Bentley IV",IND,"RB213","13","Coach Upside rating–No rating available","Coach Bust rating–No rating available","4 out of 5 stars","-","-","-"
"662",16,"Kameron Johnson",TB,"WR233","10","Coach Upside rating–No rating available","Coach Bust rating–No rating available","4 out of 5 stars","-","-","-"
"663",16,"Jordan Mims",MIN,"RB214","6","Coach Upside rating–No rating available","Coach Bust rating–No rating available","4 out of 5 stars","-","-","-"
"664",16,"TJ Harden",CLE,"RB215","11","Coach Upside rating–No rating available","Coach Bust rating–No rating available","3 out of 5 stars","-","-","-"
"665",16,"Bo Melton",GB,"WR234","11","Coach Upside rating–No rating available","Coach Bust rating–No rating available","5 out of 5 stars","-","-","-"
"666",16,"Jamal Haynes",CIN,"RB216","6","Coach Upside rating–No rating available","Coach Bust rating–No rating available","2 out of 5 stars","-","-","-"
"667",16,"Israel Abanikanda",DAL,"RB217","14","Coach Upside rating–No rating available","Coach Bust rating–No rating available","4 out of 5 stars","-","-","-"
"668",16,"Devin Duvernay",ARI,"WR235","14","Coach Upside rating–No rating available","Coach Bust rating–No rating available","2 out of 5 stars","-","-","-"
"669",16,"Davon Booth",CLE,"RB218","11","Coach Upside rating–No rating available","Coach Bust rating–No rating available","3 out of 5 stars","-","-","-"
"670",16,"Kevin Harris",FA,"RB219","-","Coach Upside rating–No rating available","Coach Bust rating–No rating available","-","-","-","-"
"671",16,"Kaden Prather",GB,"WR236","11","Coach Upside rating–No rating available","Coach Bust rating–No rating available","5 out of 5 stars","-","-","-"
"672",16,"Kentrel Bullock",CIN,"RB220","6","Coach Upside rating–No rating available","Coach Bust rating–No rating available","2 out of 5 stars","-","-","-"
"673",16,"Jonathan Mingo",DAL,"WR237","14","Coach Upside rating–No rating available","Coach Bust rating–No rating available","2 out of 5 stars","-","-0.6","25% (1/4)"
"674",16,"Hassan Haskins",LAC,"RB221","7","Coach Upside rating–No rating available","Coach Bust rating–No rating available","3 out of 5 stars","-","-1.8","10% (1/10)"
"675",16,"JaMycal Hasty",FA,"RB222","-","Coach Upside rating–No rating available","Coach Bust rating–No rating available","-","-","-","-"
"676",16,"Dale Moss",FA,"WR238","-","Coach Upside rating–No rating available","Coach Bust rating–No rating available","-","-","-","-"
"677",16,"CJ Williams",JAC,"WR239","7","Coach Upside rating–No rating available","Coach Bust rating–No rating available","4 out of 5 stars","-","-","-"
"678",16,"Dominic Richardson",DAL,"RB223","14","Coach Upside rating–No rating available","Coach Bust rating–No rating available","4 out of 5 stars","-","-","-"
"679",16,"Isaiah Hodgins",NYG,"WR240","8","Coach Upside rating–No rating available","Coach Bust rating–No rating available","4 out of 5 stars","-","-1.5","33% (2/6)"
"680",16,"Kene Nwangwu",NYJ,"RB224","13","Coach Upside rating–No rating available","Coach Bust rating–No rating available","3 out of 5 stars","-","-","-"
"681",16,"Jeshaun Jones",MIN,"WR241","6","Coach Upside rating–No rating available","Coach Bust rating–No rating available","5 out of 5 stars","-","-","-"
"682",16,"Chris Evans",FA,"RB225","-","Coach Upside rating–No rating available","Coach Bust rating–No rating available","-","-","-","-"
"683",16,"Malik Taylor",FA,"WR242","-","Coach Upside rating–No rating available","Coach Bust rating–No rating available","-","-","-","-"
"684",16,"Coleman Bennett",CHI,"RB226","10","Coach Upside rating–No rating available","Coach Bust rating–No rating available","2 out of 5 stars","-","-","-"
"685",16,"Lincoln Pare",FA,"RB227","-","Coach Upside rating–No rating available","Coach Bust rating–No rating available","-","-","-","-"
"686",16,"D'Onta Foreman",FA,"RB228","-","Coach Upside rating–No rating available","Coach Bust rating–No rating available","-","-","-","-"
"687",16,"Lan Larison",NE,"RB229","11","Coach Upside rating–No rating available","Coach Bust rating–No rating available","2 out of 5 stars","-","-","-"
"688",16,"Deuce Vaughn",FA,"RB230","-","Coach Upside rating–No rating available","Coach Bust rating–No rating available","-","-","-","-"
"689",16,"Dillon Johnson",FA,"RB231","-","Coach Upside rating–No rating available","Coach Bust rating–No rating available","-","-","-","-"
"690",16,"Gage Larvadain",CLE,"WR243","11","Coach Upside rating–No rating available","Coach Bust rating–No rating available","3 out of 5 stars","-","-","-"
"691",16,"Dontrell Hilliard",FA,"RB232","-","Coach Upside rating–No rating available","Coach Bust rating–No rating available","-","-","-","-"
"692",16,"Bisi Johnson",FA,"WR244","-","Coach Upside rating–No rating available","Coach Bust rating–No rating available","-","-","-","-"
"693",16,"Raheem Blackshear",FA,"RB233","-","Coach Upside rating–No rating available","Coach Bust rating–No rating available","-","-","-","-"
"694",16,"Mason Tipton",NO,"WR245","8","Coach Upside rating–No rating available","Coach Bust rating–No rating available","3 out of 5 stars","-","-1.0","33% (3/9)"
"695",16,"Gary Brightwell",CIN,"RB234","6","Coach Upside rating–No rating available","Coach Bust rating–No rating available","2 out of 5 stars","-","-","-"
"696",16,"Jashaun Corbin",FA,"RB235","-","Coach Upside rating–No rating available","Coach Bust rating–No rating available","-","-","-","-"
"697",16,"Anthony Hankerson",MIA,"RB236","6","Coach Upside rating–No rating available","Coach Bust rating–No rating available","3 out of 5 stars","-","-","-"
"698",16,"Tyrion Davis-Price",FA,"RB237","-","Coach Upside rating–No rating available","Coach Bust rating–No rating available","-","-","-","-"
"699",16,"Ross Dwelley",FA,"TE154","-","Coach Upside rating–No rating available","Coach Bust rating–No rating available","-","-","-","-"
"700",16,"Josiah Deguara",SF,"TE155","8","Coach Upside rating–No rating available","Coach Bust rating–No rating available","3 out of 5 stars","-","-","-"
"701",16,"Ryan Griffin",FA,"TE156","-","Coach Upside rating–No rating available","Coach Bust rating–No rating available","-","-","-","-"
"702",16,"Chris Collier",FA,"RB238","-","Coach Upside rating–No rating available","Coach Bust rating–No rating available","-","-","-","-"
"703",16,"Pharaoh Brown",FA,"TE157","-","Coach Upside rating–No rating available","Coach Bust rating–No rating available","-","-","-","-"
"704",16,"Kejon Owens",MIN,"RB239","6","Coach Upside rating–No rating available","Coach Bust rating–No rating available","4 out of 5 stars","-","-","-"
"705",16,"Damon Bankston",NYG,"RB240","8","Coach Upside rating–No rating available","Coach Bust rating–No rating available","4 out of 5 stars","-","-","-"
"706",16,"Cody Schrader",DEN,"RB241","10","Coach Upside rating–No rating available","Coach Bust rating–No rating available","2 out of 5 stars","-","-","-"
"707",16,"Casey Washington",CAR,"WR246","5","Coach Upside rating–No rating available","Coach Bust rating–No rating available","2 out of 5 stars","-","-","-"
"708",16,"Tucker Fisk",FA,"TE158","-","Coach Upside rating–No rating available","Coach Bust rating–No rating available","-","-","-","-"
"709",16,"Gabe Davis",FA,"WR247","-","Coach Upside rating–No rating available","Coach Bust rating–No rating available","-","-","-","-"
"710",16,"Geoff Swaim",FA,"TE159","-","Coach Upside rating–No rating available","Coach Bust rating–No rating available","-","-","-","-"
"711",16,"Jason Brownlee",KC,"WR248","5","Coach Upside rating–No rating available","Coach Bust rating–No rating available","2 out of 5 stars","-","-","-"
"712",16,"Nikko Remigio",KC,"WR249","5","Coach Upside rating–No rating available","Coach Bust rating–No rating available","2 out of 5 stars","-","-","-"
"713",16,"Jesper Horsted",FA,"TE160","-","Coach Upside rating–No rating available","Coach Bust rating–No rating available","-","-","-","-"
"714",16,"Shedrick Jackson",LV,"WR250","13","Coach Upside rating–No rating available","Coach Bust rating–No rating available","2 out of 5 stars","-","-","-"
"715",16,"Michael Jacobson",FA,"TE161","-","Coach Upside rating–No rating available","Coach Bust rating–No rating available","-","-","-","-"
"716",16,"Justin Watson",HOU,"WR251","8","Coach Upside rating–No rating available","Coach Bust rating–No rating available","3 out of 5 stars","-","-","-"
"717",16,"John Hurst",FA,"WR252","-","Coach Upside rating–No rating available","Coach Bust rating–No rating available","-","-","-","-"
"718",16,"Quali Conley",FA,"RB242","-","Coach Upside rating–No rating available","Coach Bust rating–No rating available","-","-","-","-"
"719",16,"Laquon Treadwell",IND,"WR253","13","Coach Upside rating–No rating available","Coach Bust rating–No rating available","4 out of 5 stars","-","-","-"
"720",16,"Brycen Hopkins",FA,"TE162","-","Coach Upside rating–No rating available","Coach Bust rating–No rating available","-","-","-","-"
"721",16,"Jalin Hyatt",NYG,"WR254","8","Coach Upside rating–No rating available","Coach Bust rating–No rating available","4 out of 5 stars","-","-","-"
"722",16,"Samori Toure",PHI,"WR255","10","Coach Upside rating–No rating available","Coach Bust rating–No rating available","4 out of 5 stars","-","-","-"
"723",16,"Curtis Hodges",FA,"TE163","-","Coach Upside rating–No rating available","Coach Bust rating–No rating available","-","-","-","-"
"724",16,"Gerald Everett",FA,"TE164","-","Coach Upside rating–No rating available","Coach Bust rating–No rating available","-","-","-","-"
"725",16,"Danny Gray",PHI,"WR256","10","Coach Upside rating–No rating available","Coach Bust rating–No rating available","4 out of 5 stars","-","-","-"
"726",16,"Tyler Davis",FA,"WR257","-","Coach Upside rating–No rating available","Coach Bust rating–No rating available","-","-","-","-"
"727",16,"Tyrell Shavers",BUF,"WR258","7","Coach Upside rating–No rating available","Coach Bust rating–No rating available","4 out of 5 stars","-","+0.7","43% (7/16)"
"728",16,"Brycen Tremayne",CAR,"WR259","5","Coach Upside rating–No rating available","Coach Bust rating–No rating available","2 out of 5 stars","-","-","-"
"729",16,"Nick Nash",WAS,"WR260","7","Coach Upside rating–No rating available","Coach Bust rating–No rating available","2 out of 5 stars","-","-","-"
"730",16,"Charlie Jones",CIN,"WR261","6","Coach Upside rating–No rating available","Coach Bust rating–No rating available","4 out of 5 stars","-","-","-"
"731",16,"Mitchell Wilcox",FA,"TE165","-","Coach Upside rating–No rating available","Coach Bust rating–No rating available","-","-","-","-"
"732",16,"Nick Vannett",SEA,"TE166","11","Coach Upside rating–No rating available","Coach Bust rating–No rating available","3 out of 5 stars","-","-","-"
"733",16,"Malachi Corley",CLE,"WR262","11","Coach Upside rating–No rating available","Coach Bust rating–No rating available","3 out of 5 stars","-","-0.4","33% (3/9)"
"734",16,"Peyton Hendershot",FA,"TE167","-","Coach Upside rating–No rating available","Coach Bust rating–No rating available","-","-","-","-"
"735",16,"Britain Covey",PHI,"WR263","10","Coach Upside rating–No rating available","Coach Bust rating–No rating available","4 out of 5 stars","-","-","-"
"736",16,"Tylan Wallace",CLE,"WR264","11","Coach Upside rating–No rating available","Coach Bust rating–No rating available","3 out of 5 stars","-","-","-"
"737",16,"LaJohntay Wester",BAL,"WR265","13","Coach Upside rating–No rating available","Coach Bust rating–No rating available","4 out of 5 stars","-","-","-"
"738",16,"Johnny Wilson",PHI,"WR266","10","Coach Upside rating–No rating available","Coach Bust rating–No rating available","4 out of 5 stars","-","-","-"
"739",16,"Zach Gentry",FA,"TE168","-","Coach Upside rating–No rating available","Coach Bust rating–No rating available","-","-","-","-"
"740",16,"Tejhaun Palmer",ARI,"WR267","14","Coach Upside rating–No rating available","Coach Bust rating–No rating available","2 out of 5 stars","-","-","-"
"741",16,"Trey Palmer",NO,"WR268","8","Coach Upside rating–No rating available","Coach Bust rating–No rating available","3 out of 5 stars","-","-","-"
"742",16,"Nelson Agholor",FA,"WR269","-","Coach Upside rating–No rating available","Coach Bust rating–No rating available","-","-","-","-"
"743",16,"Xavier Gipson",NYG,"WR270","8","Coach Upside rating–No rating available","Coach Bust rating–No rating available","4 out of 5 stars","-","-","-"
"744",16,"DeAndre Carter",FA,"WR271","-","Coach Upside rating–No rating available","Coach Bust rating–No rating available","-","-","-","-"
"745",16,"Marquez Callaway",FA,"WR272","-","Coach Upside rating–No rating available","Coach Bust rating–No rating available","-","-","-","-"
"746",16,"Trenton Irwin",SF,"WR273","8","Coach Upside rating–No rating available","Coach Bust rating–No rating available","2 out of 5 stars","-","-","-"
"747",16,"Dee Eskridge",FA,"WR274","-","Coach Upside rating–No rating available","Coach Bust rating–No rating available","-","-","-","-"
"748",16,"Allen Lazard",FA,"WR275","-","Coach Upside rating–No rating available","Coach Bust rating–No rating available","-","-","-","-"
"749",16,"KhaDarel Hodge",FA,"WR276","-","Coach Upside rating–No rating available","Coach Bust rating–No rating available","-","-","-","-"
"750",16,"Anthony Schwartz",FA,"WR277","-","Coach Upside rating–No rating available","Coach Bust rating–No rating available","-","-","-","-"
"751",16,"Austin Trammell",JAC,"WR278","7","Coach Upside rating–No rating available","Coach Bust rating–No rating available","4 out of 5 stars","-","-","-"
"752",16,"Brandon Powell",FA,"WR279","-","Coach Upside rating–No rating available","Coach Bust rating–No rating available","-","-","-","-"
"753",16,"Byron Pringle",FA,"WR280","-","Coach Upside rating–No rating available","Coach Bust rating–No rating available","-","-","-","-"
"754",16,"Cody Thompson",FA,"WR281","-","Coach Upside rating–No rating available","Coach Bust rating–No rating available","-","-","-","-"
"755",16,"Daurice Fountain",FA,"WR282","-","Coach Upside rating–No rating available","Coach Bust rating–No rating available","-","-","-","-"
"756",16,"Equanimeous St. Brown",FA,"WR283","-","Coach Upside rating–No rating available","Coach Bust rating–No rating available","-","-","-","-"
"757",16,"Isaiah McKenzie",FA,"WR284","-","Coach Upside rating–No rating available","Coach Bust rating–No rating available","-","-","-","-"
"758",16,"Jalen Guyton",FA,"WR285","-","Coach Upside rating–No rating available","Coach Bust rating–No rating available","-","-","-","-"
"759",16,"James Proche II",FA,"WR286","-","Coach Upside rating–No rating available","Coach Bust rating–No rating available","-","-","-","-"
"760",16,"Javon Baker",FA,"WR287","-","Coach Upside rating–No rating available","Coach Bust rating–No rating available","-","-","-","-"
"761",16,"Justin Shorter",LV,"WR288","13","Coach Upside rating–No rating available","Coach Bust rating–No rating available","2 out of 5 stars","-","-","-"
"762",16,"Laviska Shenault Jr.",FA,"WR289","-","Coach Upside rating–No rating available","Coach Bust rating–No rating available","-","-","-","-"
"763",16,"Rakim Jarrett",FA,"WR290","-","Coach Upside rating–No rating available","Coach Bust rating–No rating available","-","-","-","-"
"764",16,"Tim Jones",JAC,"WR291","7","Coach Upside rating–No rating available","Coach Bust rating–No rating available","4 out of 5 stars","-","-","-"
"765",16,"Trishton Jackson",FA,"WR292","-","Coach Upside rating–No rating available","Coach Bust rating–No rating available","-","-","-","-"
"766",16,"Zach Pascal",FA,"WR293","-","Coach Upside rating–No rating available","Coach Bust rating–No rating available","-","-","-","-"
"767",16,"Mazeo Bennett",FA,"WR294","-","Coach Upside rating–No rating available","Coach Bust rating–No rating available","-","-","-","-"
"768",16,"Ross Travis",FA,"TE169","-","Coach Upside rating–No rating available","Coach Bust rating–No rating available","-","-","-","-"